Profit,Sub-Category,Quantity,Category,Discount,Ship Mode,Sales
41.9136,Bookcases,2,Furniture,0.0,Second Class,261.96
219.582,Chairs,3,Furniture,0.0,Second Class,731.94
6.8714,Labels,2,Office Supplies,0.0,Second Class,14.62
-383.031,Tables,5,Furniture,0.45,Standard Class,957.5775
2.5164,Storage,2,Office Supplies,0.2,Standard Class,22.368
14.1694,Furnishings,7,Furniture,0.0,Standard Class,48.86
1.9656,Art,4,Office Supplies,0.0,Standard Class,7.28
90.7152,Phones,6,Technology,0.2,Standard Class,907.152
5.7825,Binders,3,Office Supplies,0.2,Standard Class,18.504
34.47,Appliances,5,Office Supplies,0.0,Standard Class,114.9
85.3092,Tables,9,Furniture,0.2,Standard Class,1706.184
68.3568,Phones,4,Technology,0.2,Standard Class,911.424
5.4432,Paper,3,Office Supplies,0.2,Standard Class,15.552
132.5922,Binders,3,Office Supplies,0.2,Standard Class,407.976
-123.858,Appliances,5,Office Supplies,0.8,Standard Class,68.81
-3.816,Binders,3,Office Supplies,0.8,Standard Class,2.544
13.3176,Storage,6,Office Supplies,0.0,Standard Class,665.88
9.99,Storage,2,Office Supplies,0.0,Second Class,55.5
2.4824,Art,2,Office Supplies,0.0,Second Class,8.56
16.011,Phones,3,Technology,0.2,Second Class,213.48
7.384,Binders,4,Office Supplies,0.2,Second Class,22.72
5.0596,Art,7,Office Supplies,0.0,Standard Class,19.46
15.6884,Appliances,7,Office Supplies,0.0,Standard Class,60.34
-1.0196,Chairs,2,Furniture,0.3,Second Class,71.372
240.2649,Tables,3,Furniture,0.0,Standard Class,1044.63
4.2224,Binders,2,Office Supplies,0.2,Second Class,11.648
11.7741,Accessories,3,Technology,0.0,Second Class,90.57
-1665.0522,Bookcases,7,Furniture,0.5,Standard Class,3083.43
-7.0532,Binders,2,Office Supplies,0.7,Standard Class,9.618
15.525,Furnishings,3,Furniture,0.2,Standard Class,124.2
1.1016,Envelopes,2,Office Supplies,0.2,Standard Class,3.264
9.7092,Art,6,Office Supplies,0.2,Standard Class,86.304
-5.715,Binders,6,Office Supplies,0.7,Standard Class,6.858
3.546,Art,2,Office Supplies,0.2,Standard Class,15.76
9.9468,Paper,3,Office Supplies,0.2,Second Class,29.472
123.4737,Phones,7,Technology,0.2,First Class,1097.544
-147.963,Furnishings,5,Furniture,0.6,First Class,190.92
35.415,Envelopes,9,Office Supplies,0.2,Standard Class,113.328
-46.9764,Bookcases,3,Furniture,0.32,Standard Class,532.3992
-15.147,Chairs,3,Furniture,0.3,Standard Class,212.058
41.7564,Phones,4,Technology,0.2,Standard Class,371.168
16.5564,Phones,4,Technology,0.2,Standard Class,147.168
3.894,Storage,2,Office Supplies,0.0,Standard Class,77.88
9.5616,Storage,2,Office Supplies,0.2,Standard Class,95.616
19.7714,Accessories,2,Technology,0.0,First Class,45.98
8.2062,Binders,2,Office Supplies,0.0,First Class,17.46
8.4784,Storage,4,Office Supplies,0.0,Second Class,211.96
4.95,Accessories,3,Technology,0.0,Standard Class,45.0
6.104,Phones,2,Technology,0.0,Standard Class,21.8
17.9634,Binders,6,Office Supplies,0.0,Standard Class,38.22
35.3346,Labels,6,Office Supplies,0.0,Standard Class,75.18
2.9568,Furnishings,2,Furniture,0.0,Standard Class,6.16
17.0981,Chairs,1,Furniture,0.0,Standard Class,89.99
6.2566,Fasteners,7,Office Supplies,0.0,Standard Class,15.26
298.6855,Phones,5,Technology,0.0,Standard Class,1029.95
52.14,Storage,6,Office Supplies,0.0,First Class,208.56
15.552,Paper,5,Office Supplies,0.0,First Class,32.4
7.098,Chairs,5,Furniture,0.1,First Class,319.41
6.9888,Paper,2,Office Supplies,0.0,First Class,14.56
3.3,Accessories,2,Technology,0.0,First Class,30.0
16.362,Binders,4,Office Supplies,0.2,First Class,48.48
0.84,Art,1,Office Supplies,0.0,First Class,1.68
6.1512,Accessories,2,Technology,0.0,Standard Class,13.98
9.3612,Binders,6,Office Supplies,0.2,Standard Class,25.824
68.9631,Paper,3,Office Supplies,0.0,Standard Class,146.73
22.3328,Furnishings,4,Furniture,0.0,Standard Class,79.76
-15.2225,Chairs,5,Furniture,0.3,Standard Class,213.115
111.3024,Art,8,Office Supplies,0.2,Standard Class,1113.024
62.988,Phones,4,Technology,0.2,Standard Class,167.968
35.6636,Paper,2,Office Supplies,0.0,First Class,75.88
1.731,Binders,1,Office Supplies,0.2,Standard Class,4.616
8.763,Paper,3,Office Supplies,0.0,Second Class,19.05
-114.3912,Chairs,8,Furniture,0.2,Standard Class,831.936
1.213,Furnishings,2,Furniture,0.2,Standard Class,97.04
-18.196,Storage,1,Office Supplies,0.2,Standard Class,72.784
-1.9344,Binders,3,Office Supplies,0.8,First Class,1.248
-5.8248,Furnishings,3,Furniture,0.6,First Class,9.708
2.724,Storage,3,Office Supplies,0.2,First Class,27.24
-14.475,Furnishings,5,Furniture,0.6,Second Class,19.3
56.2032,Appliances,1,Office Supplies,0.0,First Class,208.16
8.0352,Binders,3,Office Supplies,0.0,First Class,16.74
4.172,Art,5,Office Supplies,0.0,Standard Class,14.9
6.2031,Storage,1,Office Supplies,0.0,Standard Class,21.39
62.8075,Envelopes,7,Office Supplies,0.2,Standard Class,200.984
-48.9549,Storage,3,Office Supplies,0.2,First Class,230.376
33.2156,Chairs,2,Furniture,0.0,Second Class,301.96
6.7966,Accessories,1,Technology,0.0,Standard Class,19.99
2.9568,Labels,2,Office Supplies,0.0,Standard Class,6.16
13.8572,Storage,7,Office Supplies,0.2,Second Class,158.368
6.633,Art,3,Office Supplies,0.0,Standard Class,20.1
8.2782,Phones,2,Technology,0.2,Standard Class,73.584
3.1104,Paper,1,Office Supplies,0.0,Standard Class,6.48
6.2208,Paper,2,Office Supplies,0.0,Second Class,12.96
16.5354,Furnishings,3,Furniture,0.0,Second Class,53.34
16.1504,Binders,2,Office Supplies,0.0,Second Class,32.96
-3.788,Binders,1,Office Supplies,0.7,Standard Class,5.682
40.5426,Furnishings,7,Furniture,0.0,Second Class,96.53
17.9592,Binders,3,Office Supplies,0.2,First Class,51.312
22.5852,Appliances,6,Office Supplies,0.0,Standard Class,77.88
22.6184,Paper,7,Office Supplies,0.2,Standard Class,64.624
-10.7973,Accessories,3,Technology,0.2,Standard Class,95.976
-3.0396,Binders,3,Office Supplies,0.8,Standard Class,1.788
11.7208,Paper,4,Office Supplies,0.0,Second Class,23.92
-26.8758,Accessories,6,Technology,0.2,Standard Class,238.896
-3.8385,Furnishings,3,Furniture,0.2,Standard Class,102.36
-25.8174,Binders,3,Office Supplies,0.7,Standard Class,36.882
17.6016,Accessories,8,Technology,0.2,Standard Class,74.112
2.0994,Phones,1,Technology,0.2,Standard Class,27.992
1.0738,Art,1,Office Supplies,0.2,Standard Class,3.304
67.992,Accessories,5,Technology,0.2,Standard Class,339.96
10.9096,Furnishings,2,Furniture,0.0,Standard Class,41.96
22.788,Art,2,Office Supplies,0.0,Standard Class,75.96
13.3476,Binders,6,Office Supplies,0.0,Standard Class,27.24
14.5348,Fasteners,14,Office Supplies,0.2,Second Class,40.096
1.652,Envelopes,2,Office Supplies,0.2,Second Class,4.72
7.4925,Paper,3,Office Supplies,0.2,Second Class,23.976
44.0316,Envelopes,6,Office Supplies,0.2,Second Class,130.464
165.3813,Tables,3,Furniture,0.0,Standard Class,787.53
-115.7156,Binders,1,Office Supplies,0.7,Standard Class,157.794
18.3456,Furnishings,3,Furniture,0.0,First Class,47.04
13.878,Binders,4,Office Supplies,0.0,First Class,30.84
63.4368,Storage,6,Office Supplies,0.0,First Class,226.56
51.759,Envelopes,9,Office Supplies,0.0,First Class,115.02
19.7316,Phones,7,Technology,0.0,First Class,68.04
-8.5794,Chairs,3,Furniture,0.3,Second Class,600.558
-407.682,Tables,6,Furniture,0.5,Standard Class,617.7
-1.8308,Binders,2,Office Supplies,0.7,Standard Class,2.388
30.499,Storage,7,Office Supplies,0.2,Standard Class,243.992
-9.1602,Chairs,2,Furniture,0.2,Second Class,81.424
26.2416,Furnishings,3,Furniture,0.0,Second Class,238.56
-11.994,Phones,5,Technology,0.4,First Class,59.97
29.364,Paper,2,Office Supplies,0.2,First Class,78.304
6.9732,Fasteners,9,Office Supplies,0.2,First Class,21.456
9.6192,Paper,3,Office Supplies,0.0,Standard Class,20.04
16.6568,Paper,1,Office Supplies,0.0,Standard Class,35.44
3.456,Art,4,Office Supplies,0.0,Standard Class,11.52
1.9698,Fasteners,2,Office Supplies,0.0,Standard Class,4.02
26.6616,Binders,3,Office Supplies,0.2,Standard Class,76.176
18.4464,Supplies,6,Office Supplies,0.0,Standard Class,65.88
20.6976,Furnishings,14,Furniture,0.0,Standard Class,43.12
10.35,Furnishings,2,Furniture,0.2,Second Class,82.8
2.3814,Art,3,Office Supplies,0.0,Standard Class,8.82
5.1042,Envelopes,3,Office Supplies,0.0,Standard Class,10.86
68.976,Paper,3,Office Supplies,0.0,Standard Class,143.7
218.2518,Appliances,3,Office Supplies,0.0,Standard Class,839.43
20.1579,Storage,7,Office Supplies,0.0,Standard Class,671.93
12.9096,Furnishings,4,Furniture,0.2,Standard Class,93.888
103.8015,Phones,11,Technology,0.0,Standard Class,384.45
5.9988,Phones,3,Technology,0.0,Standard Class,149.97
585.552,Chairs,8,Furniture,0.0,Standard Class,1951.84
80.6285,Binders,5,Office Supplies,0.0,Standard Class,171.55
17.766,Appliances,5,Office Supplies,0.2,First Class,157.92
15.2388,Phones,2,Technology,0.2,First Class,203.184
26.271,Paper,7,Office Supplies,0.0,First Class,58.38
48.5392,Paper,4,Office Supplies,0.0,First Class,105.52
21.0288,Storage,6,Office Supplies,0.0,First Class,80.88
1.7901,Art,3,Office Supplies,0.0,Standard Class,6.63
51.4764,Chairs,2,Furniture,0.2,Second Class,457.568
6.8714,Labels,2,Office Supplies,0.0,Standard Class,14.62
236.2325,Phones,7,Technology,0.0,Standard Class,944.93
2.691,Paper,1,Office Supplies,0.0,First Class,5.98
1.3596,Accessories,2,Technology,0.2,Second Class,54.384
13.348,Envelopes,5,Office Supplies,0.0,Standard Class,28.4
9.688,Binders,2,Office Supplies,0.2,Standard Class,27.68
2.7324,Art,3,Office Supplies,0.2,Standard Class,9.936
-1359.992,Machines,8,Technology,0.4,Standard Class,8159.952
-58.6347,Storage,3,Office Supplies,0.2,Standard Class,275.928
-24.858,Chairs,9,Furniture,0.3,Standard Class,1740.06
6.8136,Art,6,Office Supplies,0.2,Standard Class,32.064
-453.849,Appliances,5,Office Supplies,0.8,Standard Class,177.98
8.9985,Phones,3,Technology,0.2,Standard Class,143.976
9.8418,Paper,3,Office Supplies,0.0,Standard Class,20.94
53.2608,Paper,2,Office Supplies,0.0,Standard Class,110.96
21.259,Chairs,7,Furniture,0.2,Standard Class,340.144
-131.12,Appliances,2,Office Supplies,0.8,Standard Class,52.448
6.552,Labels,4,Office Supplies,0.2,Standard Class,20.16
-243.16,Appliances,4,Office Supplies,0.8,Second Class,97.264
-11.3372,Chairs,7,Furniture,0.3,Second Class,396.802
-3.7715,Supplies,5,Office Supplies,0.2,Second Class,15.88
1.4104,Art,1,Office Supplies,0.0,Standard Class,3.28
1.8612,Storage,2,Office Supplies,0.2,Second Class,24.816
76.6395,Accessories,7,Technology,0.2,Second Class,408.744
131.0296,Phones,4,Technology,0.0,Second Class,503.96
41.986,Phones,5,Technology,0.0,Second Class,149.95
7.25,Accessories,2,Technology,0.0,Second Class,29.0
3.4368,Binders,2,Office Supplies,0.0,Standard Class,7.16
22.984,Accessories,8,Technology,0.0,Standard Class,176.8
3.7224,Storage,3,Office Supplies,0.2,Standard Class,37.224
6.255,Paper,3,Office Supplies,0.2,Standard Class,20.016
112.392,Bookcases,4,Furniture,0.2,First Class,899.136
20.0928,Phones,6,Technology,0.0,First Class,71.76
24.8832,Paper,8,Office Supplies,0.0,First Class,51.84
46.9764,Bookcases,3,Furniture,0.2,First Class,626.352
6.567,Art,5,Office Supplies,0.0,First Class,19.9
6.7116,Envelopes,7,Office Supplies,0.0,Standard Class,14.28
1.2038,Art,2,Office Supplies,0.2,Standard Class,7.408
1.5876,Art,3,Office Supplies,0.2,Standard Class,6.048
12.0276,Storage,3,Office Supplies,0.0,Standard Class,46.26
-2.2586,Binders,2,Office Supplies,0.7,Standard Class,2.946
5.8203,Paper,3,Office Supplies,0.2,Standard Class,16.056
6.795,Paper,3,Office Supplies,0.2,Standard Class,21.744
-161.875,Tables,2,Furniture,0.5,First Class,218.75
0.2925,Appliances,1,Office Supplies,0.2,First Class,2.6
-178.9668,Appliances,2,Office Supplies,0.8,Second Class,66.284
9.6712,Furnishings,7,Furniture,0.2,Standard Class,35.168
44.4768,Phones,4,Technology,0.2,Standard Class,444.768
5.8744,Storage,4,Office Supplies,0.0,Standard Class,83.92
35.6346,Phones,2,Technology,0.0,Standard Class,131.98
7.4824,Binders,4,Office Supplies,0.0,Standard Class,15.92
16.2099,Fasteners,9,Office Supplies,0.0,Standard Class,52.29
3.6796,Storage,1,Office Supplies,0.0,Standard Class,91.99
6.5,Accessories,2,Technology,0.2,Second Class,20.8
8.88,Labels,2,Office Supplies,0.2,Standard Class,23.68
-244.323,Bookcases,5,Furniture,0.5,Standard Class,452.45
-14.6958,Phones,3,Technology,0.4,Standard Class,62.982
-950.4,Machines,9,Technology,0.7,Standard Class,1188.0
4.4792,Accessories,2,Technology,0.2,Standard Class,89.584
26.0568,Storage,6,Office Supplies,0.0,Standard Class,93.06
22.6782,Phones,3,Technology,0.2,Standard Class,302.376
1.8148,Fasteners,2,Office Supplies,0.2,First Class,5.584
8.2302,Paper,6,Office Supplies,0.2,First Class,22.704
-13.8432,Binders,4,Office Supplies,0.7,First Class,19.776
19.0848,Furnishings,4,Furniture,0.2,First Class,72.704
-383.9904,Machines,4,Technology,0.7,First Class,479.988
2.7168,Art,2,Office Supplies,0.2,First Class,27.168
0.968,Art,1,Office Supplies,0.0,Standard Class,2.2
136.939,Tables,5,Furniture,0.0,Standard Class,622.45
0.2198,Storage,1,Office Supplies,0.0,Standard Class,21.98
-28.2744,Chairs,2,Furniture,0.2,Standard Class,161.568
43.8408,Chairs,8,Furniture,0.2,Standard Class,389.696
-12.432,Binders,7,Office Supplies,0.7,Standard Class,18.648
-102.048,Tables,2,Furniture,0.45,Standard Class,233.86
-248.2458,Tables,3,Furniture,0.45,Standard Class,620.6145
-3.552,Binders,2,Office Supplies,0.7,Standard Class,5.328
0.0,Furnishings,3,Furniture,0.2,Standard Class,258.072
-7.7247,Accessories,3,Technology,0.2,Standard Class,617.976
4.752,Paper,2,Office Supplies,0.0,Standard Class,10.56
9.396,Paper,5,Office Supplies,0.2,Second Class,25.92
-356.728,Furnishings,5,Furniture,0.6,Second Class,419.68
-4.6752,Furnishings,3,Furniture,0.6,Second Class,11.688
11.1944,Phones,2,Technology,0.2,Second Class,31.984
-120.513,Tables,5,Furniture,0.5,Second Class,177.225
-2.8308,Furnishings,3,Furniture,0.6,Second Class,4.044
1.2038,Art,2,Office Supplies,0.2,Second Class,7.408
580.5394,Chairs,7,Furniture,0.0,Second Class,2001.86
41.68,Storage,2,Office Supplies,0.0,Second Class,166.72
23.94,Paper,6,Office Supplies,0.0,Second Class,47.88
496.0725,Appliances,5,Office Supplies,0.0,Second Class,1503.25
12.4416,Paper,4,Office Supplies,0.0,Second Class,25.92
28.1372,Chairs,2,Furniture,0.2,Second Class,321.568
3.5767,Paper,1,Office Supplies,0.0,Standard Class,7.61
636.0003,Accessories,13,Technology,0.0,Standard Class,3347.37
22.5624,Storage,6,Office Supplies,0.0,First Class,80.58
162.864,Envelopes,4,Office Supplies,0.0,First Class,361.92
-8.4924,Furnishings,9,Furniture,0.6,Standard Class,12.132
-19.5624,Storage,2,Office Supplies,0.2,Standard Class,82.368
4.044,Storage,5,Office Supplies,0.2,Standard Class,53.92
56.6916,Phones,6,Technology,0.2,Standard Class,647.904
6.9258,Accessories,3,Technology,0.0,Second Class,20.37
6.6465,Storage,3,Office Supplies,0.0,Second Class,221.55
6.132,Binders,5,Office Supplies,0.2,Second Class,17.52
-4.466,Appliances,2,Office Supplies,0.8,Standard Class,1.624
-509.997,Machines,3,Technology,0.4,Second Class,3059.982
-251.9958,Machines,7,Technology,0.4,Second Class,2519.958
28.7196,Phones,4,Technology,0.2,Standard Class,328.224
35.156,Accessories,2,Technology,0.0,Standard Class,79.9
4.7304,Art,3,Office Supplies,0.2,Standard Class,14.016
0.3024,Fasteners,6,Office Supplies,0.0,Standard Class,7.56
-7.4416,Storage,1,Office Supplies,0.2,Standard Class,37.208
21.591,Envelopes,3,Office Supplies,0.2,Standard Class,57.576
210.4936,Storage,4,Office Supplies,0.0,Second Class,725.84
92.3692,Accessories,7,Technology,0.0,First Class,209.93
2.3232,Furnishings,3,Furniture,0.0,First Class,5.28
4.095,Binders,3,Office Supplies,0.2,First Class,10.92
4.0572,Paper,2,Office Supplies,0.0,First Class,8.82
1.5548,Art,1,Office Supplies,0.0,First Class,5.98
4.0768,Paper,2,Office Supplies,0.2,Standard Class,11.648
5.9072,Paper,4,Office Supplies,0.2,Standard Class,18.176
5.9712,Storage,6,Office Supplies,0.2,Standard Class,59.712
8.694,Labels,3,Office Supplies,0.2,Standard Class,24.84
-3.432,Binders,5,Office Supplies,0.8,Second Class,2.08
376.11,Phones,7,Technology,0.2,Second Class,1114.4
51.942,Tables,5,Furniture,0.2,Standard Class,1038.84
47.844,Paper,5,Office Supplies,0.2,Standard Class,141.76
47.96,Accessories,5,Technology,0.2,Standard Class,239.8
10.8864,Paper,6,Office Supplies,0.2,Standard Class,31.104
-169.372,Binders,7,Office Supplies,0.7,Second Class,254.058
24.316,Appliances,2,Office Supplies,0.2,Second Class,194.528
-204.3145,Supplies,5,Office Supplies,0.2,Second Class,961.48
6.6836,Fasteners,7,Office Supplies,0.2,Second Class,19.096
6.2424,Labels,8,Office Supplies,0.2,Second Class,18.496
54.3966,Accessories,2,Technology,0.2,Second Class,255.984
-48.7032,Bookcases,3,Furniture,0.5,Second Class,86.97
78.8592,Furnishings,8,Furniture,0.2,First Class,300.416
20.1558,Chairs,3,Furniture,0.2,First Class,230.352
-24.5646,Furnishings,3,Furniture,0.2,First Class,218.352
-62.88,Binders,5,Office Supplies,0.7,First Class,78.6
9.2988,Fasteners,3,Office Supplies,0.2,First Class,27.552
15.552,Paper,5,Office Supplies,0.0,Standard Class,32.4
10.8248,Storage,8,Office Supplies,0.0,Standard Class,1082.48
27.3168,Paper,3,Office Supplies,0.0,Standard Class,56.91
38.024,Furnishings,4,Furniture,0.0,Standard Class,77.6
6.5688,Binders,1,Office Supplies,0.0,Standard Class,14.28
-131.445,Tables,3,Furniture,0.5,Standard Class,219.075
12.864,Furnishings,2,Furniture,0.0,Second Class,26.8
2.8536,Art,3,Office Supplies,0.0,Standard Class,9.84
20.9208,Binders,3,Office Supplies,0.0,Standard Class,45.48
83.868,Art,6,Office Supplies,0.0,Standard Class,289.2
2.0049,Art,1,Office Supplies,0.0,First Class,4.89
3.5948,Furnishings,4,Furniture,0.2,Second Class,15.136
52.5114,Chairs,2,Furniture,0.2,Second Class,466.768
1.7136,Furnishings,1,Furniture,0.2,Second Class,15.232
2.0358,Labels,3,Office Supplies,0.2,Second Class,6.264
37.6422,Furnishings,3,Furniture,0.0,Standard Class,87.54
22.298,Phones,2,Technology,0.2,Standard Class,178.384
5.4432,Paper,3,Office Supplies,0.2,Standard Class,15.552
8.6744,Art,4,Office Supplies,0.2,First Class,99.136
24.1568,Chairs,1,Furniture,0.1,Standard Class,135.882
1995.99,Machines,2,Technology,0.0,Standard Class,3991.98
80.0226,Phones,6,Technology,0.0,Standard Class,275.94
129.6,Accessories,4,Technology,0.0,Standard Class,360.0
13.071,Storage,1,Office Supplies,0.0,Standard Class,43.57
3.58,Fasteners,2,Office Supplies,0.0,Standard Class,7.16
81.744,Binders,6,Office Supplies,0.2,Standard Class,251.52
34.9965,Accessories,1,Technology,0.0,Standard Class,99.99
0.9995,Furnishings,1,Furniture,0.2,Second Class,15.992
-67.8762,Phones,3,Technology,0.4,First Class,290.898
3.389,Storage,2,Office Supplies,0.2,First Class,54.224
-258.5016,Chairs,4,Furniture,0.3,First Class,786.744
33.831,Labels,10,Office Supplies,0.2,First Class,100.24
-27.6936,Binders,6,Office Supplies,0.7,First Class,37.764
-20.7,Phones,2,Technology,0.4,Second Class,82.8
-13.816,Binders,2,Office Supplies,0.7,Second Class,20.724
-3.4272,Binders,3,Office Supplies,0.7,Second Class,4.896
1.6038,Binders,1,Office Supplies,0.2,Second Class,4.752
335.9944,Copiers,2,Technology,0.2,Second Class,959.984
4.49,Binders,4,Office Supplies,0.2,Second Class,14.368
2.7956,Binders,2,Office Supplies,0.2,Standard Class,7.712
-17.4588,Tables,3,Furniture,0.2,Standard Class,698.352
2.3312,Fasteners,4,Office Supplies,0.0,Second Class,4.96
1.116,Art,4,Office Supplies,0.2,Second Class,17.856
-407.976,Binders,10,Office Supplies,0.7,Second Class,509.97
10.0724,Fasteners,13,Office Supplies,0.2,Second Class,30.992
8.3916,Phones,12,Technology,0.4,Second Class,71.928
-2.22,Storage,4,Office Supplies,0.2,Standard Class,88.8
4.7976,Phones,3,Technology,0.2,Standard Class,47.976
3.0996,Art,3,Office Supplies,0.0,Standard Class,7.56
11.5432,Paper,2,Office Supplies,0.0,Standard Class,24.56
4.1472,Art,2,Office Supplies,0.0,Standard Class,12.96
2.3086,Accessories,1,Technology,0.0,First Class,6.79
11.5432,Paper,2,Office Supplies,0.0,First Class,24.56
1.0668,Binders,1,Office Supplies,0.2,First Class,3.048
23.0864,Paper,4,Office Supplies,0.0,First Class,49.12
1415.4296,Binders,4,Office Supplies,0.2,First Class,4355.168
-4.8588,Bookcases,6,Furniture,0.2,Standard Class,388.704
3.7996,Envelopes,2,Office Supplies,0.0,Standard Class,8.26
6.9864,Art,4,Office Supplies,0.0,Standard Class,17.04
15.824,Paper,5,Office Supplies,0.0,Standard Class,34.4
11.325,Paper,5,Office Supplies,0.2,Standard Class,36.24
168.4384,Appliances,8,Office Supplies,0.0,First Class,647.84
9.936,Labels,2,Office Supplies,0.0,First Class,20.7
9.936,Labels,2,Office Supplies,0.0,Standard Class,20.7
86.8704,Chairs,3,Furniture,0.1,Standard Class,488.646
1.4456,Art,2,Office Supplies,0.0,Standard Class,5.56
20.7328,Furnishings,8,Furniture,0.0,Standard Class,47.12
8.4784,Storage,4,Office Supplies,0.0,Standard Class,211.96
10.44,Binders,4,Office Supplies,0.0,Same Day,23.2
0.1472,Supplies,2,Office Supplies,0.0,Same Day,7.36
29.3412,Storage,7,Office Supplies,0.0,Same Day,104.79
271.4192,Bookcases,4,Furniture,0.0,Same Day,1043.92
9.396,Paper,5,Office Supplies,0.2,Standard Class,25.92
4.6746,Storage,3,Office Supplies,0.2,Standard Class,53.424
-5.712,Binders,5,Office Supplies,0.7,Standard Class,8.16
179.1888,Accessories,8,Technology,0.2,Standard Class,1023.936
0.924,Art,1,Office Supplies,0.2,Standard Class,9.24
-29.94,Accessories,10,Technology,0.2,Standard Class,479.04
30.98,Paper,4,Office Supplies,0.2,First Class,99.136
-297.6848,Tables,7,Furniture,0.3,Standard Class,1488.424
-20.3322,Appliances,3,Office Supplies,0.8,Standard Class,8.652
2.6811,Storage,3,Office Supplies,0.2,Standard Class,23.832
-18.8728,Binders,4,Office Supplies,0.8,Standard Class,12.176
25.48,Paper,7,Office Supplies,0.0,First Class,50.96
17.3376,Binders,3,Office Supplies,0.2,First Class,49.536
8.799,Accessories,2,Technology,0.0,Second Class,41.9
-157.0095,Tables,3,Furniture,0.45,Standard Class,375.4575
-1.0497,Accessories,3,Technology,0.2,Standard Class,83.976
-337.638,Machines,4,Technology,0.7,Standard Class,482.34
0.777,Furnishings,1,Furniture,0.2,Standard Class,2.96
0.4264,Art,1,Office Supplies,0.2,First Class,2.624
7.884,Binders,4,Office Supplies,0.2,Standard Class,23.36
13.5932,Accessories,2,Technology,0.0,Standard Class,39.98
27.7182,Phones,2,Technology,0.2,Second Class,246.384
701.9883,Copiers,3,Technology,0.0,Second Class,1799.97
-20.5623,Binders,3,Office Supplies,0.8,Second Class,12.462
25.5798,Binders,3,Office Supplies,0.2,Standard Class,75.792
9.4924,Storage,2,Office Supplies,0.0,Second Class,49.96
6.2208,Paper,2,Office Supplies,0.0,Second Class,12.96
21.036,Supplies,4,Office Supplies,0.0,Standard Class,70.12
3.5952,Storage,3,Office Supplies,0.2,Second Class,35.952
-317.1528,Bookcases,4,Furniture,0.32,Second Class,2396.2656
-32.784,Storage,4,Office Supplies,0.2,Second Class,131.136
0.7198,Accessories,2,Technology,0.2,Second Class,57.584
3.4684,Paper,2,Office Supplies,0.2,First Class,9.568
9.768,Art,6,Office Supplies,0.2,Standard Class,39.072
9.6957,Appliances,3,Office Supplies,0.0,Standard Class,35.91
37.7895,Accessories,5,Technology,0.0,Standard Class,179.95
434.9913,Copiers,3,Technology,0.2,Standard Class,1199.976
13.3035,Paper,5,Office Supplies,0.0,Standard Class,27.15
-112.9527,Tables,7,Furniture,0.2,Standard Class,1004.024
4.6464,Paper,1,Office Supplies,0.0,Standard Class,9.68
13.608,Labels,9,Office Supplies,0.0,Standard Class,28.35
27.4302,Paper,1,Office Supplies,0.0,Standard Class,55.98
31.4548,Bookcases,13,Furniture,0.15,Standard Class,1336.829
-18.4548,Chairs,2,Furniture,0.2,Standard Class,113.568
65.7342,Paper,7,Office Supplies,0.0,Standard Class,139.86
26.8744,Chairs,4,Furniture,0.2,Standard Class,307.136
25.8984,Art,8,Office Supplies,0.0,Standard Class,95.92
38.38,Chairs,5,Furniture,0.2,Standard Class,383.8
2.8322,Paper,1,Office Supplies,0.0,Standard Class,5.78
2.7028,Art,4,Office Supplies,0.0,Standard Class,9.32
7.015,Envelopes,1,Office Supplies,0.0,Standard Class,15.25
56.5662,Accessories,6,Technology,0.2,First Class,196.752
14.7056,Furnishings,4,Furniture,0.0,Standard Class,56.56
8.502,Storage,3,Office Supplies,0.0,Standard Class,32.7
225.264,Chairs,4,Furniture,0.0,Second Class,866.4
11.076,Furnishings,2,Furniture,0.0,Second Class,28.4
138.2016,Binders,8,Office Supplies,0.0,Second Class,287.92
30.0957,Machines,1,Technology,0.0,First Class,69.99
0.5004,Art,6,Office Supplies,0.2,Standard Class,6.672
-145.3508,Binders,2,Office Supplies,0.7,Standard Class,189.588
76.6395,Accessories,7,Technology,0.2,Standard Class,408.744
54.7425,Accessories,5,Technology,0.2,Standard Class,291.96
-0.7748,Storage,2,Office Supplies,0.2,Standard Class,4.768
207.147,Storage,5,Office Supplies,0.0,First Class,714.3
-3.6892,Binders,2,Office Supplies,0.7,Standard Class,4.812
-18.585,Accessories,5,Technology,0.2,Standard Class,247.8
43.1991,Machines,3,Technology,0.3,Second Class,1007.979
113.6394,Paper,7,Office Supplies,0.2,Second Class,313.488
11.5536,Paper,8,Office Supplies,0.2,Standard Class,31.872
2.3094,Chairs,3,Furniture,0.1,Second Class,207.846
3.666,Furnishings,1,Furniture,0.0,Second Class,12.22
23.3928,Storage,3,Office Supplies,0.0,Second Class,194.94
20.5755,Storage,3,Office Supplies,0.0,Second Class,70.95
42.0256,Paper,4,Office Supplies,0.0,Second Class,91.36
29.1528,Chairs,3,Furniture,0.0,Second Class,242.94
10.584,Labels,7,Office Supplies,0.0,Second Class,22.05
1.3677,Furnishings,1,Furniture,0.0,Second Class,2.91
15.4752,Art,3,Office Supplies,0.0,Second Class,59.52
9.7164,Storage,3,Office Supplies,0.0,Second Class,161.94
71.2476,Art,6,Office Supplies,0.0,Second Class,263.88
7.9248,Art,3,Office Supplies,0.0,Second Class,30.48
2.8536,Art,3,Office Supplies,0.0,Second Class,9.84
9.1312,Phones,4,Technology,0.0,Second Class,35.12
-75.8304,Tables,2,Furniture,0.4,Standard Class,284.364
66.5408,Storage,2,Office Supplies,0.2,Standard Class,665.408
24.9132,Accessories,4,Technology,0.0,Standard Class,63.88
-24.294,Chairs,2,Furniture,0.2,Standard Class,129.568
-96.1146,Chairs,3,Furniture,0.3,Standard Class,747.558
3.348,Envelopes,2,Office Supplies,0.2,Standard Class,8.928
36.372,Appliances,4,Office Supplies,0.0,Standard Class,103.92
377.9622,Accessories,9,Technology,0.0,Standard Class,899.91
18.6006,Binders,3,Office Supplies,0.2,Standard Class,51.312
7.068,Furnishings,5,Furniture,0.2,Standard Class,23.56
-814.4832,Tables,6,Furniture,0.5,Standard Class,1272.63
-20.889,Binders,5,Office Supplies,0.7,Standard Class,28.485
-34.758,Supplies,2,Office Supplies,0.2,Standard Class,185.376
5.8704,Appliances,2,Office Supplies,0.2,Standard Class,78.272
-312.0614,Furnishings,7,Furniture,0.6,Standard Class,254.744
-36.2352,Bookcases,2,Furniture,0.32,Standard Class,205.3328
-7.9002,Binders,3,Office Supplies,0.8,Second Class,4.788
26.6304,Paper,1,Office Supplies,0.0,Standard Class,55.48
3.4092,Storage,3,Office Supplies,0.0,Second Class,340.92
10.4784,Bookcases,2,Furniture,0.15,Second Class,222.666
87.996,Phones,4,Technology,0.2,Second Class,703.968
24.9804,Storage,6,Office Supplies,0.0,Second Class,92.52
28.819,Paper,7,Office Supplies,0.0,Second Class,62.65
45.528,Paper,5,Office Supplies,0.0,Second Class,94.85
7.182,Phones,6,Technology,0.2,Standard Class,95.76
19.296,Furnishings,3,Furniture,0.0,Standard Class,40.2
6.615,Art,5,Office Supplies,0.0,Standard Class,14.7
84.51,Storage,5,Office Supplies,0.0,Standard Class,704.25
1.9089,Accessories,3,Technology,0.0,Standard Class,9.09
1.6688,Art,2,Office Supplies,0.0,Standard Class,5.96
57.5928,Accessories,2,Technology,0.0,Standard Class,159.98
14.8,Labels,2,Office Supplies,0.0,First Class,29.6
-30.245,Bookcases,5,Furniture,0.15,First Class,514.165
17.4975,Phones,5,Technology,0.2,First Class,279.96
341.994,Phones,6,Technology,0.2,First Class,2735.952
0.5994,Phones,1,Technology,0.2,Second Class,7.992
10.3974,Accessories,2,Technology,0.2,Second Class,63.984
6.1572,Art,2,Office Supplies,0.2,Second Class,70.368
8.983,Storage,5,Office Supplies,0.0,Standard Class,449.15
5.0922,Envelopes,3,Office Supplies,0.0,Standard Class,11.07
13.1572,Accessories,2,Technology,0.0,Standard Class,93.98
-94.941,Tables,3,Furniture,0.4,Second Class,189.882
51.6558,Envelopes,2,Office Supplies,0.0,Standard Class,105.42
40.3704,Binders,8,Office Supplies,0.2,Standard Class,119.616
81.8432,Furnishings,4,Furniture,0.0,Standard Class,255.76
18.1176,Chairs,2,Furniture,0.2,Standard Class,241.568
22.869,Furnishings,9,Furniture,0.0,Standard Class,69.3
-15.08,Binders,2,Office Supplies,0.7,Standard Class,22.62
-11.9616,Binders,2,Office Supplies,0.7,Standard Class,14.952
50.098,Chairs,2,Furniture,0.2,Standard Class,801.568
-1.9008,Binders,3,Office Supplies,0.7,Standard Class,2.376
11.8871,Paper,1,Office Supplies,0.2,Standard Class,32.792
5.373,Binders,5,Office Supplies,0.2,Second Class,15.92
0.7398,Art,1,Office Supplies,0.0,Standard Class,2.74
2.1684,Art,3,Office Supplies,0.0,Standard Class,8.34
11.685,Storage,3,Office Supplies,0.0,Standard Class,46.74
3177.475,Binders,5,Office Supplies,0.0,Standard Class,6354.95
40.416,Furnishings,3,Furniture,0.0,First Class,126.3
12.1728,Accessories,2,Technology,0.0,First Class,38.04
0.7152,Art,3,Office Supplies,0.2,First Class,7.152
1.7901,Art,3,Office Supplies,0.0,Standard Class,6.63
1.7052,Art,2,Office Supplies,0.0,Standard Class,5.88
1379.977,Copiers,5,Technology,0.0,Standard Class,2999.95
13.8915,Storage,3,Office Supplies,0.0,Standard Class,51.45
5.382,Paper,2,Office Supplies,0.0,Standard Class,11.96
56.301,Storage,3,Office Supplies,0.0,Standard Class,1126.02
5.2877,Accessories,1,Technology,0.2,Standard Class,18.392
-25.9136,Storage,2,Office Supplies,0.2,Standard Class,129.568
-21.168,Binders,9,Office Supplies,0.8,Standard Class,14.112
21.098,Tables,2,Furniture,0.0,First Class,210.98
-12.4146,Phones,3,Technology,0.2,First Class,55.176
27.1666,Accessories,2,Technology,0.0,First Class,66.26
10.434,Fasteners,5,Office Supplies,0.0,Standard Class,22.2
42.747,Chairs,3,Furniture,0.2,Standard Class,683.952
5.1408,Furnishings,3,Furniture,0.2,Standard Class,45.696
-7.2672,Storage,3,Office Supplies,0.2,Standard Class,36.336
-149.9058,Supplies,1,Office Supplies,0.2,Standard Class,666.248
19.692,Envelopes,6,Office Supplies,0.2,Standard Class,52.512
11.92,Chairs,1,Furniture,0.2,Second Class,190.72
2.397,Furnishings,3,Furniture,0.0,Standard Class,47.94
274.386,Phones,5,Technology,0.0,Second Class,979.95
11.375,Binders,5,Office Supplies,0.0,Second Class,22.75
1.4672,Storage,2,Office Supplies,0.2,Standard Class,16.768
-68.1856,Binders,7,Office Supplies,0.8,Second Class,42.616
3.36,Binders,4,Office Supplies,0.2,Standard Class,10.752
41.2938,Appliances,3,Office Supplies,0.0,Standard Class,152.94
70.98,Chairs,4,Furniture,0.0,Standard Class,283.92
206.316,Accessories,6,Technology,0.0,First Class,468.9
38.0864,Phones,8,Technology,0.2,First Class,380.864
-145.5246,Storage,9,Office Supplies,0.2,Standard Class,646.776
7.264,Accessories,2,Technology,0.2,Standard Class,58.112
6.2995,Phones,1,Technology,0.2,Standard Class,100.792
-84.2928,Furnishings,4,Furniture,0.6,Standard Class,66.112
13.932,Binders,6,Office Supplies,0.2,First Class,41.28
6.4128,Paper,2,Office Supplies,0.0,First Class,13.36
15.642,Storage,9,Office Supplies,0.2,Second Class,250.272
-17.046,Binders,3,Office Supplies,0.8,Second Class,11.364
-1.744,Supplies,5,Office Supplies,0.2,Second Class,8.72
0.0,Chairs,2,Furniture,0.2,Second Class,1121.568
6.0382,Furnishings,1,Furniture,0.2,First Class,34.504
2.5707,Fasteners,3,Office Supplies,0.2,Standard Class,10.824
310.9872,Storage,2,Office Supplies,0.0,Second Class,1295.78
3.4048,Art,4,Office Supplies,0.2,Second Class,19.456
9.936,Labels,2,Office Supplies,0.0,Standard Class,20.7
-217.048,Tables,4,Furniture,0.2,Standard Class,1335.68
15.552,Paper,5,Office Supplies,0.0,Standard Class,32.4
16.614,Furnishings,3,Furniture,0.0,Second Class,42.6
27.3182,Binders,7,Office Supplies,0.2,Second Class,84.056
1.3,Appliances,5,Office Supplies,0.2,Second Class,13.0
3.7743,Furnishings,3,Furniture,0.2,Second Class,13.128
0.0,Fasteners,2,Office Supplies,0.0,First Class,3.96
1.2006,Labels,1,Office Supplies,0.0,First Class,2.61
46.797,Phones,3,Technology,0.2,First Class,374.376
45.0016,Paper,8,Office Supplies,0.0,Standard Class,91.84
27.3672,Binders,7,Office Supplies,0.2,Standard Class,81.088
9.3312,Paper,3,Office Supplies,0.0,Standard Class,19.44
0.0,Chairs,3,Furniture,0.2,Standard Class,451.152
34.776,Labels,7,Office Supplies,0.0,Standard Class,72.45
6.4216,Fasteners,4,Office Supplies,0.0,Standard Class,13.96
11.2266,Binders,7,Office Supplies,0.2,Standard Class,33.264
4.0095,Phones,3,Technology,0.0,Standard Class,14.85
2.3814,Art,3,Office Supplies,0.0,Standard Class,8.82
78.7528,Paper,14,Office Supplies,0.0,Second Class,160.72
9.7608,Paper,4,Office Supplies,0.0,Second Class,19.92
2.19,Supplies,2,Office Supplies,0.0,Second Class,7.3
8.714,Storage,2,Office Supplies,0.2,Standard Class,69.712
-5.7148,Furnishings,1,Furniture,0.6,Standard Class,8.792
1.5456,Supplies,4,Office Supplies,0.0,Standard Class,51.52
52.9173,Phones,3,Technology,0.2,Standard Class,470.376
9.2386,Phones,2,Technology,0.2,Standard Class,105.584
3.5046,Appliances,3,Office Supplies,0.2,Standard Class,31.152
-4.7481,Binders,7,Office Supplies,0.7,Standard Class,6.783
30.4776,Phones,4,Technology,0.2,Standard Class,406.368
4.9686,Chairs,1,Furniture,0.0,Standard Class,70.98
144.5157,Labels,3,Office Supplies,0.0,Standard Class,294.93
-20.1362,Phones,2,Technology,0.2,Standard Class,84.784
7.2576,Paper,4,Office Supplies,0.2,Standard Class,20.736
-12.8961,Binders,3,Office Supplies,0.7,Standard Class,16.821
3.6288,Paper,2,Office Supplies,0.2,Standard Class,10.368
1.168,Art,2,Office Supplies,0.2,Standard Class,9.344
9.75,Accessories,3,Technology,0.2,Standard Class,31.2
22.0748,Appliances,2,Office Supplies,0.0,Standard Class,76.12
434.9913,Copiers,3,Technology,0.2,Standard Class,1199.976
55.745,Phones,5,Technology,0.2,Standard Class,445.96
91.7728,Furnishings,8,Furniture,0.0,Standard Class,327.76
1.0178,Supplies,2,Office Supplies,0.2,First Class,11.632
-28.7964,Phones,3,Technology,0.4,Standard Class,143.982
-115.3544,Phones,4,Technology,0.4,Standard Class,494.376
0.73,Supplies,2,Office Supplies,0.2,Standard Class,5.84
17.847,Storage,1,Office Supplies,0.2,Standard Class,142.776
5.1408,Furnishings,3,Furniture,0.2,Standard Class,45.696
-5.5338,Binders,3,Office Supplies,0.7,Standard Class,7.218
-31.6712,Binders,4,Office Supplies,0.7,Standard Class,43.188
47.8152,Paper,3,Office Supplies,0.2,Standard Class,131.904
-2.6256,Binders,2,Office Supplies,0.7,Standard Class,3.282
2.3814,Art,9,Office Supplies,0.2,Standard Class,21.168
-10.1178,Phones,2,Technology,0.4,Standard Class,55.188
41.5773,Phones,3,Technology,0.2,First Class,369.576
5.6956,Labels,4,Office Supplies,0.2,First Class,15.712
2.64,Paper,2,Office Supplies,0.2,Second Class,8.448
-157.9383,Phones,9,Technology,0.4,Second Class,728.946
15.992,Phones,10,Technology,0.4,Second Class,119.94
-2.7968,Binders,2,Office Supplies,0.7,Second Class,3.648
15.7872,Furnishings,2,Furniture,0.0,Second Class,40.48
3.0814,Furnishings,2,Furniture,0.0,Second Class,9.94
33.57,Binders,9,Office Supplies,0.2,Second Class,107.424
10.9939,Phones,1,Technology,0.0,Second Class,37.91
27.2862,Furnishings,3,Furniture,0.0,Second Class,88.02
-14.773,Binders,5,Office Supplies,0.8,Standard Class,8.69
87.5684,Chairs,2,Furniture,0.0,Standard Class,301.96
178.901,Appliances,5,Office Supplies,0.1,Standard Class,555.21
130.87,Storage,4,Office Supplies,0.0,Standard Class,523.48
46.9278,Art,9,Office Supplies,0.0,Standard Class,161.82
12.0904,Furnishings,7,Furniture,0.0,Standard Class,35.56
28.1764,Appliances,2,Office Supplies,0.0,Standard Class,97.16
5.1435,Binders,5,Office Supplies,0.2,Standard Class,15.24
6.0858,Paper,3,Office Supplies,0.0,Standard Class,13.23
-51.7191,Storage,3,Office Supplies,0.2,Second Class,243.384
29.95,Accessories,5,Technology,0.2,Second Class,119.8
30.0768,Phones,4,Technology,0.2,Second Class,300.768
2.4585,Accessories,3,Technology,0.2,Second Class,17.88
85.5297,Labels,3,Office Supplies,0.2,Second Class,235.944
43.2234,Chairs,3,Furniture,0.0,Second Class,392.94
-13.8468,Binders,3,Office Supplies,0.7,Standard Class,18.882
12.2328,Appliances,3,Office Supplies,0.2,Standard Class,122.328
272.792,Furnishings,5,Furniture,0.0,Standard Class,1049.2
5.0128,Binders,4,Office Supplies,0.2,Standard Class,15.424
6.0288,Furnishings,3,Furniture,0.0,Standard Class,18.84
85.904,Storage,2,Office Supplies,0.0,Second Class,330.4
12.6,Labels,7,Office Supplies,0.0,Second Class,26.25
54.3332,Accessories,4,Technology,0.0,Standard Class,132.52
3.1752,Paper,1,Office Supplies,0.0,Standard Class,6.48
56.511,Appliances,2,Office Supplies,0.0,Standard Class,209.3
9.8625,Fasteners,5,Office Supplies,0.2,Standard Class,31.56
3.0144,Appliances,2,Office Supplies,0.2,Standard Class,30.144
6.068,Furnishings,4,Furniture,0.0,Second Class,14.8
22.6782,Phones,3,Technology,0.2,Second Class,302.376
31.6,Accessories,4,Technology,0.0,Second Class,316.0
178.318,Paper,10,Office Supplies,0.0,Standard Class,379.4
45.9754,Paper,2,Office Supplies,0.0,Standard Class,97.82
10.312,Accessories,8,Technology,0.0,Standard Class,103.12
8.5164,Appliances,2,Office Supplies,0.2,Standard Class,113.552
-2.6544,Binders,2,Office Supplies,0.7,Standard Class,3.318
45.3222,Envelopes,2,Office Supplies,0.2,Standard Class,134.288
-50.098,Chairs,2,Furniture,0.3,Same Day,701.372
-3.462,Binders,2,Office Supplies,0.8,Same Day,2.308
124.929,Storage,7,Office Supplies,0.2,Standard Class,999.432
-135.765,Storage,14,Office Supplies,0.2,Standard Class,724.08
-118.1295,Tables,5,Furniture,0.3,Standard Class,918.785
-4.2222,Binders,3,Office Supplies,0.8,Standard Class,2.724
18.398,Storage,5,Office Supplies,0.0,Standard Class,459.95
5.2626,Fasteners,3,Office Supplies,0.0,Same Day,10.74
2.079,Supplies,3,Office Supplies,0.2,Second Class,23.76
28.7064,Paper,3,Office Supplies,0.2,Second Class,85.056
28.6182,Phones,3,Technology,0.2,Second Class,381.576
8.7285,Furnishings,5,Furniture,0.2,First Class,30.36
-14.3856,Furnishings,3,Furniture,0.6,Standard Class,23.976
-71.8905,Tables,1,Furniture,0.5,Standard Class,108.925
11.36,Paper,8,Office Supplies,0.2,Standard Class,36.352
1.7115,Art,5,Office Supplies,0.2,Standard Class,19.56
16.5888,Appliances,3,Office Supplies,0.0,First Class,61.44
17.505,Paper,5,Office Supplies,0.0,First Class,38.9
40.7499,Accessories,3,Technology,0.0,First Class,99.39
-7.392,Appliances,3,Office Supplies,0.8,Standard Class,2.688
4.5201,Accessories,3,Technology,0.2,Standard Class,27.816
-41.262,Furnishings,3,Furniture,0.6,Standard Class,82.524
-320.2395,Binders,3,Office Supplies,0.8,Standard Class,182.994
4.6644,Binders,3,Office Supplies,0.2,Standard Class,14.352
2.5984,Storage,2,Office Supplies,0.0,Standard Class,64.96
18.522,Storage,4,Office Supplies,0.0,Standard Class,68.6
-3839.9905,Machines,4,Technology,0.5,Same Day,7999.98
14.651,Appliances,2,Office Supplies,0.2,Same Day,167.44
163.1898,Accessories,3,Technology,0.0,First Class,479.97
6.8714,Labels,2,Office Supplies,0.0,First Class,14.62
9.3312,Paper,3,Office Supplies,0.0,First Class,19.44
4.7996,Bookcases,2,Furniture,0.2,Standard Class,191.984
14.5614,Furnishings,1,Furniture,0.0,Second Class,104.01
74.0532,Phones,1,Technology,0.0,Second Class,284.82
10.3152,Storage,3,Office Supplies,0.0,Second Class,36.84
24.936,Accessories,1,Technology,0.0,Standard Class,166.24
16.032,Paper,5,Office Supplies,0.0,Standard Class,33.4
17.3488,Art,8,Office Supplies,0.2,First Class,198.272
17.76,Labels,4,Office Supplies,0.2,First Class,47.36
62.8075,Envelopes,7,Office Supplies,0.2,First Class,200.984
31.7512,Labels,4,Office Supplies,0.2,First Class,97.696
0.8088,Art,1,Office Supplies,0.2,First Class,2.696
-13.6312,Binders,2,Office Supplies,0.7,First Class,18.588
-3.4272,Binders,3,Office Supplies,0.7,First Class,4.896
4.1448,Furnishings,3,Furniture,0.2,Standard Class,15.072
35.6796,Furnishings,3,Furniture,0.0,Second Class,209.88
-13.8717,Tables,3,Furniture,0.2,Standard Class,369.912
3.6288,Paper,2,Office Supplies,0.2,Standard Class,10.368
18.7695,Appliances,5,Office Supplies,0.2,Standard Class,166.84
2.2824,Accessories,1,Technology,0.2,Standard Class,15.216
52.7824,Accessories,4,Technology,0.0,First Class,119.96
-110.49,Bookcases,5,Furniture,0.2,First Class,883.92
15.768,Binders,8,Office Supplies,0.2,First Class,46.72
26.6304,Paper,1,Office Supplies,0.0,First Class,55.48
8.8624,Envelopes,4,Office Supplies,0.2,Standard Class,24.448
109.7226,Appliances,6,Office Supplies,0.0,Standard Class,281.34
89.3142,Phones,2,Technology,0.0,Standard Class,307.98
113.9886,Accessories,3,Technology,0.0,Standard Class,299.97
6.972,Binders,5,Office Supplies,0.2,Second Class,19.92
3.0814,Furnishings,2,Furniture,0.0,First Class,9.94
24.4758,Furnishings,3,Furniture,0.2,Standard Class,103.056
19.4376,Binders,3,Office Supplies,0.2,Standard Class,59.808
21.996,Furnishings,6,Furniture,0.0,Standard Class,73.32
73.41,Paper,3,Office Supplies,0.0,Standard Class,146.82
231.4116,Tables,3,Furniture,0.0,Standard Class,1652.94
80.0199,Storage,3,Office Supplies,0.0,Standard Class,296.37
21.112,Furnishings,5,Furniture,0.2,Standard Class,129.92
5.1282,Supplies,7,Office Supplies,0.2,Standard Class,45.584
6.3684,Envelopes,2,Office Supplies,0.2,Standard Class,17.568
5.5992,Phones,1,Technology,0.2,Standard Class,55.992
84.0512,Paper,8,Office Supplies,0.0,First Class,182.72
-153.3456,Tables,2,Furniture,0.4,First Class,400.032
10.089,Storage,3,Office Supplies,0.0,First Class,33.63
102.4998,Chairs,3,Furniture,0.1,First Class,542.646
3.024,Labels,2,Office Supplies,0.0,First Class,6.3
9.7176,Storage,3,Office Supplies,0.0,Standard Class,242.94
86.3856,Accessories,3,Technology,0.0,Standard Class,179.97
33.6474,Binders,6,Office Supplies,0.2,Standard Class,99.696
9.4284,Binders,4,Office Supplies,0.2,Standard Class,27.936
18.6956,Bookcases,1,Furniture,0.0,Standard Class,84.98
6.552,Binders,5,Office Supplies,0.2,Standard Class,18.72
8.4966,Accessories,2,Technology,0.0,Standard Class,49.98
4.2717,Labels,3,Office Supplies,0.2,Standard Class,11.784
-64.7748,Storage,3,Office Supplies,0.2,Standard Class,272.736
-5.487,Binders,2,Office Supplies,0.8,Standard Class,3.54
-10.948,Supplies,5,Office Supplies,0.2,Standard Class,51.52
1.1466,Paper,1,Office Supplies,0.2,Standard Class,3.528
1.6762,Paper,1,Office Supplies,0.2,Standard Class,4.624
6.2064,Supplies,4,Office Supplies,0.2,Standard Class,55.168
-28.356,Tables,10,Furniture,0.2,Same Day,567.12
7.1864,Storage,4,Office Supplies,0.0,Same Day,359.32
0.8994,Phones,1,Technology,0.2,Second Class,11.992
26.703,Binders,3,Office Supplies,0.0,Standard Class,58.05
56.7864,Furnishings,11,Furniture,0.0,Standard Class,157.74
22.792,Art,7,Office Supplies,0.0,Standard Class,56.98
1.4112,Binders,1,Office Supplies,0.0,Standard Class,2.88
374.9925,Copiers,3,Technology,0.2,First Class,1199.976
28.7712,Furnishings,4,Furniture,0.0,Standard Class,79.92
-167.3184,Tables,4,Furniture,0.45,Standard Class,383.438
6.8768,Storage,2,Office Supplies,0.0,Standard Class,24.56
47.92,Accessories,4,Technology,0.0,Standard Class,119.8
4.2666,Binders,3,Office Supplies,0.2,Standard Class,13.128
10.224,Paper,4,Office Supplies,0.0,Standard Class,22.72
27.9936,Paper,9,Office Supplies,0.0,Standard Class,58.32
5.6994,Labels,3,Office Supplies,0.0,Standard Class,12.39
-26.9955,Phones,3,Technology,0.4,Standard Class,107.982
5.3392,Envelopes,2,Office Supplies,0.0,Second Class,11.36
25.47,Envelopes,3,Office Supplies,0.0,Second Class,50.94
258.696,Accessories,6,Technology,0.0,Second Class,646.74
2.7072,Binders,3,Office Supplies,0.0,Second Class,5.64
34.3548,Storage,6,Office Supplies,0.0,Second Class,572.58
23.316,Furnishings,2,Furniture,0.2,Standard Class,310.88
179.7488,Chairs,2,Furniture,0.0,Standard Class,641.96
9.14,Binders,2,Office Supplies,0.0,Standard Class,18.28
51.75,Phones,3,Technology,0.0,Standard Class,207.0
16.175,Binders,5,Office Supplies,0.0,Standard Class,32.35
3.4695,Binders,1,Office Supplies,0.0,Standard Class,7.71
10.881,Art,2,Office Supplies,0.0,Standard Class,40.3
14.5236,Furnishings,7,Furniture,0.0,Standard Class,34.58
3.6855,Art,7,Office Supplies,0.2,Standard Class,32.76
40.8006,Chairs,3,Furniture,0.2,First Class,544.008
28.1718,Paper,3,Office Supplies,0.0,First Class,59.94
11.7208,Paper,4,Office Supplies,0.0,First Class,23.92
1.926,Paper,1,Office Supplies,0.0,First Class,4.28
-22.449,Binders,5,Office Supplies,0.7,Second Class,32.07
-2.7,Accessories,2,Technology,0.2,Second Class,24.0
-15.6156,Bookcases,1,Furniture,0.5,Second Class,35.49
0.5998,Accessories,2,Technology,0.2,Second Class,47.984
87.7443,Envelopes,3,Office Supplies,0.0,Standard Class,186.69
5.8914,Binders,2,Office Supplies,0.2,Second Class,17.456
34.8928,Chairs,2,Furniture,0.2,Standard Class,348.928
69.1008,Binders,4,Office Supplies,0.0,Standard Class,143.96
4.1634,Storage,1,Office Supplies,0.0,Standard Class,15.42
21.0896,Binders,8,Office Supplies,0.0,Standard Class,43.04
79.9056,Chairs,3,Furniture,0.0,Standard Class,332.94
85.2475,Phones,5,Technology,0.2,Same Day,1363.96
4.5816,Labels,2,Office Supplies,0.0,Standard Class,9.96
10.6428,Paper,4,Office Supplies,0.0,Standard Class,21.72
9.8784,Binders,7,Office Supplies,0.0,Standard Class,20.16
63.7392,Paper,7,Office Supplies,0.0,First Class,132.79
6.2208,Paper,2,Office Supplies,0.0,First Class,12.96
10.3488,Labels,7,Office Supplies,0.0,First Class,21.56
17.745,Chairs,5,Furniture,0.2,Standard Class,283.92
7.3359,Furnishings,1,Furniture,0.0,First Class,22.23
18.8972,Phones,2,Technology,0.2,First Class,215.968
99.4896,Appliances,9,Office Supplies,0.0,Second Class,355.32
6.2208,Paper,2,Office Supplies,0.0,Standard Class,12.96
6.2152,Furnishings,2,Furniture,0.0,First Class,18.28
4.3176,Art,3,Office Supplies,0.2,Standard Class,43.176
247.996,Phones,4,Technology,0.2,Standard Class,1983.968
11.076,Furnishings,2,Furniture,0.0,First Class,28.4
50.9898,Accessories,3,Technology,0.0,First Class,149.97
3.2256,Art,4,Office Supplies,0.0,First Class,11.52
311.652,Tables,5,Furniture,0.0,First Class,1298.55
62.0368,Appliances,4,Office Supplies,0.0,First Class,213.92
2.578,Accessories,2,Technology,0.0,First Class,25.78
6.2152,Furnishings,2,Furniture,0.0,Same Day,18.28
601.9699,Accessories,7,Technology,0.0,Same Day,1399.93
24.8832,Paper,8,Office Supplies,0.0,First Class,51.84
1.8704,Paper,1,Office Supplies,0.2,Standard Class,5.344
14.5152,Paper,8,Office Supplies,0.2,Standard Class,41.472
-2.4288,Binders,3,Office Supplies,0.7,Standard Class,3.168
0.0,Chairs,5,Furniture,0.3,Standard Class,1228.465
-22.7964,Binders,3,Office Supplies,0.7,Standard Class,31.086
117.432,Paper,4,Office Supplies,0.2,Standard Class,335.52
71.991,Accessories,3,Technology,0.0,Standard Class,239.97
4.8118,Labels,2,Office Supplies,0.0,Standard Class,9.82
4.068,Accessories,4,Technology,0.0,Standard Class,67.8
40.3128,Accessories,3,Technology,0.0,Standard Class,167.97
16.8,Fasteners,7,Office Supplies,0.0,Standard Class,35.0
10.7996,Supplies,4,Office Supplies,0.0,Standard Class,37.24
7.4872,Envelopes,2,Office Supplies,0.0,Standard Class,15.28
90.588,Chairs,2,Furniture,0.0,Second Class,301.96
50.5848,Appliances,3,Office Supplies,0.0,Second Class,180.66
51.8346,Phones,2,Technology,0.0,Second Class,191.98
17.1574,Phones,1,Technology,0.0,Second Class,65.99
2.6412,Art,2,Office Supplies,0.2,Standard Class,35.216
6.5164,Appliances,2,Office Supplies,0.2,Standard Class,23.696
-111.4995,Machines,1,Technology,0.5,Standard Class,265.475
-79.3352,Binders,4,Office Supplies,0.8,Second Class,51.184
3.2616,Paper,2,Office Supplies,0.2,Standard Class,9.664
1.5804,Phones,3,Technology,0.2,Standard Class,21.072
16.3215,Art,3,Office Supplies,0.0,Standard Class,60.45
3.3408,Art,4,Office Supplies,0.0,Standard Class,11.52
9.3024,Bookcases,4,Furniture,0.2,Standard Class,186.048
11.7,Binders,4,Office Supplies,0.2,First Class,37.44
8.7672,Binders,4,Office Supplies,0.2,First Class,26.976
3.2944,Supplies,2,Office Supplies,0.0,First Class,11.36
6.8714,Labels,2,Office Supplies,0.0,First Class,14.62
23.4416,Phones,7,Technology,0.0,Standard Class,83.72
77.7438,Chairs,3,Furniture,0.0,Standard Class,287.94
8.5568,Furnishings,4,Furniture,0.2,Standard Class,48.896
49.6048,Accessories,7,Technology,0.0,Standard Class,115.36
1.3416,Art,2,Office Supplies,0.0,Second Class,5.16
18.6624,Paper,6,Office Supplies,0.0,Second Class,38.88
50.1876,Art,6,Office Supplies,0.0,Standard Class,185.88
14.6718,Furnishings,2,Furniture,0.0,Standard Class,44.46
9.7176,Storage,3,Office Supplies,0.0,Standard Class,242.94
18.7812,Paper,2,Office Supplies,0.0,Standard Class,39.96
26.598,Supplies,10,Office Supplies,0.0,Standard Class,102.3
5.7672,Storage,2,Office Supplies,0.0,Standard Class,21.36
3.5767,Paper,1,Office Supplies,0.0,Standard Class,7.61
3.58,Fasteners,2,Office Supplies,0.0,Standard Class,7.16
0.1472,Supplies,2,Office Supplies,0.0,Standard Class,7.36
10.626,Art,2,Office Supplies,0.0,Standard Class,23.1
40.6878,Accessories,6,Technology,0.2,Second Class,191.472
0.5904,Art,2,Office Supplies,0.2,Second Class,5.248
5.1786,Phones,2,Technology,0.2,Second Class,59.184
1.3583,Labels,1,Office Supplies,0.0,Standard Class,2.89
21.2954,Furnishings,1,Furniture,0.0,Standard Class,51.94
5.1792,Labels,4,Office Supplies,0.2,First Class,15.936
-35.928,Binders,6,Office Supplies,0.7,Standard Class,44.91
-760.98,Binders,5,Office Supplies,0.7,First Class,1141.47
-46.797,Phones,3,Technology,0.4,First Class,280.782
17.22,Paper,3,Office Supplies,0.0,First Class,34.44
5.2256,Paper,2,Office Supplies,0.0,Standard Class,11.36
37.2204,Binders,7,Office Supplies,0.2,Standard Class,106.344
67.256,Paper,5,Office Supplies,0.2,Standard Class,192.16
64.518,Furnishings,3,Furniture,0.0,Standard Class,322.59
13.1956,Accessories,1,Technology,0.0,Standard Class,29.99
66.9546,Accessories,3,Technology,0.0,Standard Class,371.97
-4.1244,Binders,4,Office Supplies,0.7,Standard Class,5.892
23.1093,Binders,3,Office Supplies,0.2,Second Class,68.472
262.39,Chairs,5,Furniture,0.1,Second Class,1242.9
8.3268,Storage,2,Office Supplies,0.0,Standard Class,30.84
5.9312,Art,4,Office Supplies,0.0,Same Day,13.48
10.048,Furnishings,5,Furniture,0.0,First Class,31.4
5.9364,Furnishings,2,Furniture,0.0,Standard Class,17.46
4.5318,Binders,3,Office Supplies,0.2,Second Class,13.944
1.6752,Storage,12,Office Supplies,0.0,Standard Class,83.76
18.4534,Binders,7,Office Supplies,0.0,Standard Class,37.66
16.9932,Paper,6,Office Supplies,0.0,Standard Class,34.68
14.995,Accessories,5,Technology,0.0,Standard Class,149.95
18.6006,Binders,3,Office Supplies,0.2,Standard Class,51.312
2.043,Paper,1,Office Supplies,0.0,First Class,4.54
5.4128,Art,4,Office Supplies,0.0,First Class,15.92
135.98,Phones,8,Technology,0.0,First Class,543.92
42.0714,Storage,7,Office Supplies,0.0,First Class,155.82
24.5028,Binders,3,Office Supplies,0.2,First Class,70.008
5.0856,Envelopes,2,Office Supplies,0.2,Second Class,15.648
51.8,Labels,7,Office Supplies,0.0,Standard Class,103.6
22.5408,Paper,8,Office Supplies,0.0,Second Class,46.96
-6.5296,Binders,2,Office Supplies,0.7,First Class,8.904
3.393,Labels,5,Office Supplies,0.2,First Class,10.44
-32.088,Binders,4,Office Supplies,0.8,First Class,18.336
20.2485,Phones,3,Technology,0.2,First Class,323.976
9.6192,Paper,3,Office Supplies,0.0,Standard Class,20.04
2.5984,Storage,2,Office Supplies,0.0,Standard Class,64.96
6.2208,Paper,2,Office Supplies,0.0,Standard Class,12.96
12.1176,Bookcases,4,Furniture,0.2,Standard Class,323.136
2.7279,Phones,7,Technology,0.0,Standard Class,90.93
19.791,Binders,3,Office Supplies,0.2,Standard Class,52.776
323.946,Phones,4,Technology,0.0,Standard Class,1199.8
829.3754,Accessories,7,Technology,0.0,Standard Class,1928.78
81.0474,Storage,2,Office Supplies,0.0,Standard Class,352.38
9.102,Furnishings,6,Furniture,0.0,Standard Class,22.2
19.2454,Furnishings,1,Furniture,0.0,First Class,46.94
56.0547,Accessories,9,Technology,0.0,First Class,143.73
-18.5562,Tables,2,Furniture,0.3,Standard Class,99.918
-56.996,Chairs,4,Furniture,0.3,Standard Class,797.944
-14.5656,Binders,3,Office Supplies,0.8,Standard Class,8.568
50.4063,Envelopes,3,Office Supplies,0.2,Standard Class,149.352
-0.812,Storage,1,Office Supplies,0.2,Standard Class,12.992
6.8768,Storage,2,Office Supplies,0.0,Standard Class,24.56
34.9074,Accessories,3,Technology,0.0,Standard Class,85.14
10.5552,Phones,1,Technology,0.0,Standard Class,21.99
113.848,Appliances,5,Office Supplies,0.0,Standard Class,406.6
294.5488,Binders,2,Office Supplies,0.2,Standard Class,841.568
5.4432,Paper,3,Office Supplies,0.2,First Class,15.552
53.55,Accessories,5,Technology,0.2,First Class,252.0
12.936,Art,4,Office Supplies,0.0,Standard Class,46.2
9.5172,Appliances,2,Office Supplies,0.0,Standard Class,28.84
2.5536,Art,3,Office Supplies,0.2,First Class,14.592
21.3408,Art,3,Office Supplies,0.2,First Class,89.856
5.0286,Paper,3,Office Supplies,0.2,First Class,13.872
4.1148,Paper,3,Office Supplies,0.2,Standard Class,12.192
15.2064,Paper,8,Office Supplies,0.2,Standard Class,45.056
-21.7932,Binders,6,Office Supplies,0.7,Standard Class,29.718
5.4432,Paper,3,Office Supplies,0.2,Standard Class,15.552
33.5772,Appliances,2,Office Supplies,0.2,Standard Class,447.696
54.3966,Accessories,1,Technology,0.0,First Class,159.99
6.2208,Paper,2,Office Supplies,0.0,Standard Class,12.96
34.9648,Appliances,4,Office Supplies,0.0,Standard Class,134.48
8.0464,Paper,2,Office Supplies,0.0,First Class,17.12
2.2098,Binders,2,Office Supplies,0.2,Standard Class,6.096
41.7852,Tables,4,Furniture,0.2,Standard Class,1114.272
15.552,Paper,5,Office Supplies,0.0,Standard Class,32.4
140.5482,Storage,3,Office Supplies,0.0,Standard Class,540.57
62.91,Binders,5,Office Supplies,0.2,Standard Class,167.76
-204.4458,Tables,3,Furniture,0.5,First Class,393.165
-12.9122,Furnishings,7,Furniture,0.2,Standard Class,516.488
75.5424,Furnishings,6,Furniture,0.2,Standard Class,1007.232
-619.596,Tables,12,Furniture,0.4,Standard Class,2065.32
5.4432,Paper,3,Office Supplies,0.2,Standard Class,15.552
7.92,Paper,6,Office Supplies,0.2,Standard Class,25.344
7.6416,Furnishings,4,Furniture,0.2,Standard Class,25.472
2.7168,Art,2,Office Supplies,0.2,Standard Class,27.168
-11.596,Bookcases,2,Furniture,0.32,Standard Class,78.8528
43.45,Storage,5,Office Supplies,0.0,Standard Class,173.8
2.5893,Phones,1,Technology,0.2,Second Class,29.592
-3.168,Binders,2,Office Supplies,0.7,Second Class,4.752
5.6376,Paper,3,Office Supplies,0.2,Second Class,15.552
53.196,Furnishings,2,Furniture,0.0,Same Day,204.6
28.1372,Chairs,2,Furniture,0.2,Standard Class,321.568
3.0576,Binders,2,Office Supplies,0.0,Standard Class,6.24
10.94,Envelopes,2,Office Supplies,0.0,First Class,21.88
1.6704,Labels,2,Office Supplies,0.2,Second Class,4.608
4.8118,Labels,2,Office Supplies,0.0,First Class,9.82
9.7119,Art,3,Office Supplies,0.0,First Class,35.97
6.2208,Paper,2,Office Supplies,0.0,First Class,12.96
91.968,Paper,4,Office Supplies,0.0,First Class,191.6
4.2336,Labels,3,Office Supplies,0.0,First Class,8.64
0.0,Storage,3,Office Supplies,0.0,First Class,501.81
28.5984,Furnishings,6,Furniture,0.2,Second Class,127.104
-31.05,Phones,3,Technology,0.4,Second Class,124.2
-13.6312,Binders,2,Office Supplies,0.7,Second Class,18.588
10.1493,Labels,3,Office Supplies,0.2,Second Class,30.072
3.2186,Phones,7,Technology,0.0,Second Class,160.93
25.5798,Binders,3,Office Supplies,0.2,Second Class,75.792
-0.792,Binders,2,Office Supplies,0.7,Standard Class,1.08
679.996,Machines,2,Technology,0.1,First Class,3059.982
-2.6256,Binders,2,Office Supplies,0.7,First Class,3.282
16.6698,Paper,3,Office Supplies,0.0,First Class,34.02
93.2232,Chairs,6,Furniture,0.1,Standard Class,599.292
0.8056,Art,1,Office Supplies,0.2,Second Class,3.392
55.9984,Phones,2,Technology,0.2,Second Class,559.984
75.49,Chairs,5,Furniture,0.2,Second Class,603.92
2.5896,Labels,2,Office Supplies,0.2,Standard Class,7.968
9.4392,Envelopes,4,Office Supplies,0.2,Standard Class,27.968
44.868,Machines,3,Technology,0.4,Standard Class,336.51
-1.8904,Binders,2,Office Supplies,0.8,Same Day,1.112
72.807,Furnishings,5,Furniture,0.0,Standard Class,520.05
5.2113,Art,3,Office Supplies,0.0,Standard Class,17.97
131.2785,Chairs,5,Furniture,0.2,Second Class,1166.92
5.484,Binders,2,Office Supplies,0.2,First Class,14.624
4.9104,Fasteners,3,Office Supplies,0.0,First Class,10.23
69.705,Paper,5,Office Supplies,0.0,First Class,154.9
1276.487,Binders,7,Office Supplies,0.0,Standard Class,2715.93
173.0316,Phones,3,Technology,0.0,Standard Class,617.97
4.9082,Envelopes,1,Office Supplies,0.0,Standard Class,10.67
9.8901,Storage,3,Office Supplies,0.0,Standard Class,36.63
9.158,Furnishings,5,Furniture,0.0,Standard Class,24.1
