Sub-Category,Product ID,Product Name,Discount,Sales,Category
Bookcases,FUR-BO-10001798,Bush Somerset Collection Bookcase,0.0,261.96,Furniture
Chairs,FUR-CH-10000454,"Hon Deluxe Fabric Upholstered Stacking Chairs, Rounded Back",0.0,731.94,Furniture
Labels,OFF-LA-10000240,Self-Adhesive Address Labels for Typewriters by Universal,0.0,14.62,Office Supplies
Tables,FUR-TA-10000577,Bretford CR4500 Series Slim Rectangular Table,0.45,957.5775,Furniture
Storage,OFF-ST-10000760,Eldon Fold 'N Roll Cart System,0.2,22.368,Office Supplies
Furnishings,FUR-FU-10001487,"Eldon Expressions Wood and Plastic Desk Accessories, Cherry Wood",0.0,48.86,Furniture
Art,OFF-AR-10002833,Newell 322,0.0,7.28,Office Supplies
Phones,TEC-PH-10002275,Mitel 5320 IP Phone VoIP phone,0.2,907.152,Technology
Binders,OFF-BI-10003910,DXL Angle-View Binders with Locking Rings by Samsill,0.2,18.504,Office Supplies
Appliances,OFF-AP-10002892,Belkin F5C206VTEL 6 Outlet Surge,0.0,114.9,Office Supplies
Tables,FUR-TA-10001539,Chromcraft Rectangular Conference Tables,0.2,1706.184,Furniture
Phones,TEC-PH-10002033,,0.2,911.424,Technology
Paper,OFF-PA-10002365,Xerox 1967,0.2,15.552,Office Supplies
Binders,OFF-BI-10003656,Fellowes PB200 Plastic Comb Binding Machine,0.2,407.976,Office Supplies
Appliances,OFF-AP-10002311,"Holmes Replacement Filter for HEPA Air Cleaner, Very Large Room, HEPA Filter",0.8,68.81,Office Supplies
Binders,OFF-BI-10000756,Storex DuraTech Recycled Plastic Frosted Binders,0.8,2.544,Office Supplies
Storage,OFF-ST-10004186,"Stur-D-Stor Shelving, Vertical 5-Shelf: 72""H x 36""W x 18 1/2""D",0.0,665.88,Office Supplies
Storage,OFF-ST-10000107,Fellowes Super Stor/Drawer,0.0,55.5,Office Supplies
Art,OFF-AR-10003056,Newell 341,0.0,8.56,Office Supplies
Phones,TEC-PH-10001949,Cisco SPA 501G IP Phone,0.2,213.48,Technology
Binders,OFF-BI-10002215,"Wilson Jones Hanging View Binder, White, 1""",0.2,22.72,Office Supplies
Art,OFF-AR-10000246,Newell 318,0.0,19.46,Office Supplies
Appliances,OFF-AP-10001492,"Acco Six-Outlet Power Strip, 4' Cord Length",0.0,60.34,Office Supplies
Chairs,FUR-CH-10002774,"Global Deluxe Stacking Chair, Gray",0.3,71.372,Furniture
Tables,FUR-TA-10000577,Bretford CR4500 Series Slim Rectangular Table,0.0,1044.63,Furniture
Binders,OFF-BI-10001634,Wilson Jones Active Use Binders,0.2,11.648,Office Supplies
Accessories,TEC-AC-10003027,,0.0,90.57,Technology
Bookcases,FUR-BO-10004834,"Riverside Palais Royal Lawyers Bookcase, Royale Cherry Finish",0.5,3083.43,Furniture
Binders,OFF-BI-10000474,Avery Recycled Flexi-View Covers for Binding Systems,0.7,9.618,Office Supplies
Furnishings,FUR-FU-10004848,"Howard Miller 13-3/4"" Diameter Brushed Chrome Round Wall Clock",0.2,124.2,Furniture
Envelopes,OFF-EN-10001509,Poly String Tie Envelopes,0.2,3.264,Office Supplies
Art,OFF-AR-10004042,"BOSTON Model 1800 Electric Pencil Sharpeners, Putty/Woodgrain",0.2,86.304,Office Supplies
Binders,OFF-BI-10001525,"Acco Pressboard Covers with Storage Hooks, 14 7/8"" x 11"", Executive Red",0.7,6.858,Office Supplies
Art,OFF-AR-10001683,Lumber Crayons,0.2,15.76,Office Supplies
Paper,OFF-PA-10000249,Easy-staple paper,0.2,29.472,Office Supplies
Phones,TEC-PH-10004977,GE 30524EE4,0.2,1097.544,Technology
Furnishings,FUR-FU-10003664,"Electrix Architect's Clamp-On Swing Arm Lamp, Black",0.6,190.92,Furniture
Envelopes,OFF-EN-10002986,"#10-4 1/8"" x 9 1/2"" Premium Diagonal Seam Envelopes",0.2,113.328,Office Supplies
Bookcases,FUR-BO-10002545,"Atlantic Metals Mobile 3-Shelf Bookcases, Custom Colors",0.32,532.3992,Furniture
Chairs,FUR-CH-10004218,"Global Fabric Manager's Chair, Dark Gray",0.3,212.058,Furniture
Phones,TEC-PH-10000486,Plantronics HL10 Handset Lifter,0.2,371.168,Technology
Phones,TEC-PH-10004093,Panasonic Kx-TS550,0.2,147.168,Technology
Storage,OFF-ST-10003479,"Eldon Base for stackable storage shelf, platinum",0.0,77.88,Office Supplies
Storage,OFF-ST-10003282,"Advantus 10-Drawer Portable Organizer, Chrome Metal Frame, Smoke Drawers",0.2,95.616,Office Supplies
Accessories,TEC-AC-10000171,"Verbatim 25 GB 6x Blu-ray Single Layer Recordable Disc, 25/Pack",0.0,45.98,Technology
Binders,OFF-BI-10003291,Wilson Jones Leather-Like Binders with DublLock Round Rings,0.0,17.46,Office Supplies
Storage,OFF-ST-10001713,"Gould Plastics 9-Pocket Panel Bin, 18-3/8w x 5-1/4d x 20-1/2h, Black",0.0,211.96,Office Supplies
Accessories,TEC-AC-10002167,,0.0,45.0,Technology
Phones,TEC-PH-10003988,"LF Elite 3D Dazzle Designer Hard Case Cover, Lf Stylus Pen and Wiper For Apple Iphone 5c Mini Lite",0.0,21.8,Technology
Binders,OFF-BI-10004410,"C-Line Peel & Stick Add-On Filing Pockets, 8-3/4 x 5-1/8, 10/Pack",0.0,38.22,Office Supplies
Labels,OFF-LA-10002762,Avery 485,0.0,75.18,Office Supplies
Furnishings,FUR-FU-10001706,Longer-Life Soft White Bulbs,0.0,6.16,Furniture
Chairs,FUR-CH-10003061,"Global Leather Task Chair, Black",0.0,89.99,Furniture
Fasteners,OFF-FA-10000304,Advantus Push Pins,0.0,15.26,Office Supplies
Phones,TEC-PH-10002447,AT&T CL83451 4-Handset Telephone,0.0,1029.95,Technology
Storage,OFF-ST-10000604,Home/Office Personal File Carts,0.0,208.56,Office Supplies
Paper,OFF-PA-10001569,Xerox 232,0.0,32.4,Office Supplies
Chairs,FUR-CH-10003968,Novimex Turbo Task Chair,0.1,319.41,Furniture
Paper,OFF-PA-10000587,"Array Parchment Paper, Assorted Colors",0.0,14.56,Office Supplies
Accessories,TEC-AC-10002167,,0.0,30.0,Technology
Binders,OFF-BI-10001460,Plastic Binding Combs,0.2,48.48,Office Supplies
Art,OFF-AR-10001868,Prang Dustless Chalk Sticks,0.0,1.68,Office Supplies
Accessories,TEC-AC-10004633,"Verbatim 25 GB 6x Blu-ray Single Layer Recordable Disc, 3/Pack",0.0,13.98,Technology
Binders,OFF-BI-10001078,"Acco PRESSTEX Data Binder with Storage Hooks, Dark Blue, 14 7/8"" X 11""",0.2,25.824,Office Supplies
Paper,OFF-PA-10003892,Xerox 1943,0.0,146.73,Office Supplies
Furnishings,FUR-FU-10000397,Luxo Economy Swing Arm Lamp,0.0,79.76,Furniture
Chairs,FUR-CH-10001146,"Global Value Mid-Back Manager's Chair, Gray",0.3,213.115,Furniture
Art,OFF-AR-10002671,"Hunt BOSTON Model 1606 High-Volume Electric Pencil Sharpener, Beige",0.2,1113.024,Office Supplies
Phones,TEC-PH-10002726,netTALK DUO VoIP Telephone Service,0.2,167.968,Technology
Paper,OFF-PA-10000482,"Snap-A-Way Black Print Carbonless Ruled Speed Letter, Triplicate",0.0,75.88,Office Supplies
Binders,OFF-BI-10004654,Avery Binding System Hidden Tab Executive Style Index Sets,0.2,4.616,Office Supplies
Paper,OFF-PA-10004675,"Telephone Message Books with Fax/Mobile Section, 5 1/2"" x 3 3/16""",0.0,19.05,Office Supplies
Chairs,FUR-CH-10000513,High-Back Leather Manager's Chair,0.2,831.936,Furniture
Furnishings,FUR-FU-10003708,"Tenex Traditional Chairmats for Medium Pile Carpet, Standard Lip, 36"" x 48""",0.2,97.04,Furniture
Storage,OFF-ST-10004123,Safco Industrial Wire Shelving System,0.2,72.784,Office Supplies
Binders,OFF-BI-10004182,Economy Binders,0.8,1.248,Office Supplies
Furnishings,FUR-FU-10000260,"6"" Cubicle Wall Clock, Black",0.6,9.708,Furniture
Storage,OFF-ST-10000615,"SimpliFile Personal File, Black Granite, 15w x 6-15/16d x 11-1/4h",0.2,27.24,Office Supplies
Furnishings,FUR-FU-10003194,"Eldon Expressions Desk Accessory, Wood Pencil Holder, Oak",0.6,19.3,Furniture
Appliances,OFF-AP-10002118,"1.7 Cubic Foot Compact ""Cube"" Office Refrigerators",0.0,208.16,Office Supplies
Binders,OFF-BI-10002309,Avery Heavy-Duty EZD  Binder With Locking Rings,0.0,16.74,Office Supplies
Art,OFF-AR-10002053,"Premium Writing Pencils, Soft, #2 by Central Association for the Blind",0.0,14.9,Office Supplies
Storage,OFF-ST-10002370,"Sortfiler Multipurpose Personal File Organizer, Black",0.0,21.39,Office Supplies
Envelopes,OFF-EN-10000927,Jet-Pak Recycled Peel 'N' Seal Padded Mailers,0.2,200.984,Office Supplies
Storage,OFF-ST-10003656,Safco Industrial Wire Shelving,0.2,230.376,Office Supplies
Chairs,FUR-CH-10000863,Novimex Swivel Fabric Task Chair,0.0,301.96,Furniture
Accessories,TEC-AC-10001998,,0.0,19.99,Technology
Labels,OFF-LA-10000134,Avery 511,0.0,6.16,Office Supplies
Storage,OFF-ST-10003442,Eldon Portable Mobile Manager,0.2,158.368,Office Supplies
Art,OFF-AR-10004930,Turquoise Lead Holder with Pocket Clip,0.0,20.1,Office Supplies
Phones,TEC-PH-10004093,Panasonic Kx-TS550,0.2,73.584,Technology
Paper,OFF-PA-10000304,Xerox 1995,0.0,6.48,Office Supplies
Paper,OFF-PA-10003177,Xerox 1999,0.0,12.96,Office Supplies
Furnishings,FUR-FU-10003799,"Seth Thomas 13 1/2"" Wall Clock",0.0,53.34,Furniture
Binders,OFF-BI-10002852,Ibico Standard Transparent Covers,0.0,32.96,Office Supplies
Binders,OFF-BI-10004738,Flexible Leather- Look Classic Collection Ring Binder,0.7,5.682,Office Supplies
Furnishings,FUR-FU-10000629,9-3/4 Diameter Round Wall Clock,0.0,96.53,Furniture
Binders,OFF-BI-10001721,Trimflex Flexible Post Binders,0.2,51.312,Office Supplies
Appliances,OFF-AP-10000358,Fellowes Basic Home/Office Series Surge Protectors,0.0,77.88,Office Supplies
Paper,OFF-PA-10003256,Avery Personal Creations Heavyweight Cards,0.2,64.624,Office Supplies
Accessories,TEC-AC-10001767,SanDisk Ultra 64 GB MicroSDHC Class 10 Memory Card,0.2,95.976,Technology
Binders,OFF-BI-10002609,Avery Hidden Tab Dividers for Binding Systems,0.8,1.788,Office Supplies
Paper,OFF-PA-10004040,Universal Premium White Copier/Laser Paper (20Lb. and 87 Bright),0.0,23.92,Office Supplies
Accessories,TEC-AC-10001552,Logitech K350 2.4Ghz Wireless Keyboard,0.2,238.896,Technology
Furnishings,FUR-FU-10004006,"Deflect-o DuraMat Lighweight, Studded, Beveled Mat for Low Pile Carpeting",0.2,102.36,Furniture
Binders,OFF-BI-10002794,"Avery Trapezoid Ring Binder, 3"" Capacity, Black, 1040 sheets",0.7,36.882,Office Supplies
Accessories,TEC-AC-10003499,Memorex Mini Travel Drive 8 GB USB 2.0 Flash Drive,0.2,74.112,Technology
Phones,TEC-PH-10002844,Speck Products Candyshell Flip Case,0.2,27.992,Technology
Art,OFF-AR-10000390,Newell Chalk Holder,0.2,3.304,Office Supplies
Accessories,TEC-AC-10000844,,0.2,339.96,Technology
Furnishings,FUR-FU-10001934,Magnifier Swing Arm Lamp,0.0,41.96,Furniture
Art,OFF-AR-10000380,"Hunt PowerHouse Electric Pencil Sharpener, Blue",0.0,75.96,Office Supplies
Binders,OFF-BI-10003981,"Avery Durable Plastic 1"" Binders",0.0,27.24,Office Supplies
Fasteners,OFF-FA-10000621,"OIC Colored Binder Clips, Assorted Sizes",0.2,40.096,Office Supplies
Envelopes,OFF-EN-10002600,"Redi-Strip #10 Envelopes, 4 1/8 x 9 1/2",0.2,4.72,Office Supplies
Paper,OFF-PA-10004965,Xerox 1921,0.2,23.976,Office Supplies
Envelopes,OFF-EN-10002504,"Tyvek  Top-Opening Peel & Seel Envelopes, Plain White",0.2,130.464,Office Supplies
Tables,FUR-TA-10001768,Hon Racetrack Conference Tables,0.0,787.53,Furniture
Binders,OFF-BI-10003650,GBC DocuBind 300 Electric Binding Machine,0.7,157.794,Office Supplies
Furnishings,FUR-FU-10002157,Artistic Insta-Plaque,0.0,47.04,Furniture
Binders,OFF-BI-10003910,DXL Angle-View Binders with Locking Rings by Samsill,0.0,30.84,Office Supplies
Storage,OFF-ST-10000777,"Companion Letter/Legal File, Black",0.0,226.56,Office Supplies
Envelopes,OFF-EN-10002500,Globe Weis Peel & Seel First Class Envelopes,0.0,115.02,Office Supplies
Phones,TEC-PH-10003875,KLD Oscar II Style Snap-on Ultra Thin Side Flip Synthetic Leather Cover Case for HTC One HTC M7,0.0,68.04,Technology
Chairs,FUR-CH-10004063,Global Deluxe High-Back Manager's Chair,0.3,600.558,Furniture
Tables,FUR-TA-10004534,Bevis 44 x 96 Conference Tables,0.5,617.7,Furniture
Binders,OFF-BI-10003274,"Avery Durable Slant Ring Binders, No Labels",0.7,2.388,Office Supplies
Storage,OFF-ST-10002974,"Trav-L-File Heavy-Duty Shuttle II, Black",0.2,243.992,Office Supplies
Chairs,FUR-CH-10001146,"Global Task Chair, Black",0.2,81.424,Furniture
Furnishings,FUR-FU-10003773,Eldon Cleatmat Plus Chair Mats for High Pile Carpets,0.0,238.56,Furniture
Phones,TEC-PH-10002293,Anker 36W 4-Port USB Wall Charger Travel Power Adapter for iPhone 5s 5c 5,0.4,59.97,Technology
Paper,OFF-PA-10002377,Xerox 1916,0.2,78.304,Office Supplies
Fasteners,OFF-FA-10002780,Staples,0.2,21.456,Office Supplies
Paper,OFF-PA-10001804,Xerox 195,0.0,20.04,Office Supplies
Paper,OFF-PA-10001736,Xerox 1880,0.0,35.44,Office Supplies
Art,OFF-AR-10001149,"Sanford Colorific Colored Pencils, 12/Box",0.0,11.52,Office Supplies
Fasteners,OFF-FA-10002988,Ideal Clamps,0.0,4.02,Office Supplies
Binders,OFF-BI-10004781,GBC Wire Binding Strips,0.2,76.176,Office Supplies
Supplies,OFF-SU-10001218,Fiskars Softgrip Scissors,0.0,65.88,Office Supplies
Furnishings,FUR-FU-10001706,Longer-Life Soft White Bulbs,0.0,43.12,Furniture
Furnishings,FUR-FU-10004848,"Howard Miller 13-3/4"" Diameter Brushed Chrome Round Wall Clock",0.2,82.8,Furniture
Art,OFF-AR-10000940,Newell 343,0.0,8.82,Office Supplies
Envelopes,OFF-EN-10004030,Convenience Packs of Business Envelopes,0.0,10.86,Office Supplies
Paper,OFF-PA-10004327,Xerox 1911,0.0,143.7,Office Supplies
Appliances,OFF-AP-10001058,Sanyo 2.5 Cubic Foot Mid-Size Office Refrigerators,0.0,839.43,Office Supplies
Storage,OFF-ST-10003656,Safco Industrial Wire Shelving,0.0,671.93,Office Supplies
Furnishings,FUR-FU-10000521,"Seth Thomas 14"" Putty-Colored Wall Clock",0.2,93.888,Furniture
Phones,TEC-PH-10000215,,0.0,384.45,Technology
Phones,TEC-PH-10001448,Anker Astro 15000mAh USB Portable Charger,0.0,149.97,Technology
Chairs,FUR-CH-10000454,"Hon Deluxe Fabric Upholstered Stacking Chairs, Rounded Back",0.0,1951.84,Furniture
Binders,OFF-BI-10002735,GBC Prestige Therm-A-Bind Covers,0.0,171.55,Office Supplies
Appliances,OFF-AP-10000326,Belkin 7 Outlet SurgeMaster Surge Protector with Phone Protection,0.2,157.92,Office Supplies
Phones,TEC-PH-10001254,,0.2,203.184,Technology
Paper,OFF-PA-10001950,Southworth 25% Cotton Antique Laid Paper & Envelopes,0.0,58.38,Office Supplies
Paper,OFF-PA-10002254,Xerox 1883,0.0,105.52,Office Supplies
Storage,OFF-ST-10001590,"Tenex Personal Project File with Scoop Front Design, Black",0.0,80.88,Office Supplies
Art,OFF-AR-10001547,Newell 311,0.0,6.63,Office Supplies
Chairs,FUR-CH-10004063,Global Deluxe High-Back Manager's Chair,0.2,457.568,Furniture
Labels,OFF-LA-10002475,Avery 519,0.0,14.62,Office Supplies
Phones,TEC-PH-10004536,Avaya 5420 Digital phone,0.0,944.93,Technology
Paper,OFF-PA-10002751,Xerox 1920,0.0,5.98,Office Supplies
Accessories,TEC-AC-10003657,Lenovo 17-Key USB Numeric Keypad,0.2,54.384,Technology
Envelopes,OFF-EN-10001990,Staple envelope,0.0,28.4,Office Supplies
Binders,OFF-BI-10004002,Wilson Jones International Size A4 Ring Binders,0.2,27.68,Office Supplies
Art,OFF-AR-10004441,BIC Brite Liner Highlighters,0.2,9.936,Office Supplies
Machines,TEC-MA-10000822,Lexmark MX611dhe Monochrome Laser Printer,0.4,8159.952,Technology
Storage,OFF-ST-10000991,Space Solutions HD Industrial Steel Shelving.,0.2,275.928,Office Supplies
Chairs,FUR-CH-10004287,SAFCO Arco Folding Chair,0.3,1740.06,Furniture
Art,OFF-AR-10002656,Sanford Liquid Accent Highlighters,0.2,32.064,Office Supplies
Appliances,OFF-AP-10002518,Kensington 7 Outlet MasterPiece Power Center,0.8,177.98,Office Supplies
Phones,TEC-PH-10003931,JBL Micro Wireless Portable Bluetooth Speaker,0.2,143.976,Technology
Paper,OFF-PA-10000659,,0.0,20.94,Office Supplies
Paper,OFF-PA-10001144,Xerox 1913,0.0,110.96,Office Supplies
Chairs,FUR-CH-10003817,"Global Value Steno Chair, Gray",0.2,340.144,Furniture
Appliances,OFF-AP-10000891,Kensington 7 Outlet MasterPiece HOMEOFFICE Power Control Center,0.8,52.448,Office Supplies
Labels,OFF-LA-10003148,Avery 51,0.2,20.16,Office Supplies
Appliances,OFF-AP-10002684,"Acco 7-Outlet Masterpiece Power Center, Wihtout Fax/Phone Line Protection",0.8,97.264,Office Supplies
Chairs,FUR-CH-10004698,"Padded Folding Chairs, Black, 4/Carton",0.3,396.802,Furniture
Supplies,OFF-SU-10002189,Acme Rosewood Handle Letter Opener,0.2,15.88,Office Supplies
Art,OFF-AR-10001940,"Sanford Colorific Eraseable Coloring Pencils, 12 Count",0.0,3.28,Office Supplies
Storage,OFF-ST-10003455,"Tenex File Box, Personal Filing Tote with Lid, Black",0.2,24.816,Office Supplies
Accessories,TEC-AC-10004659,,0.2,408.744,Technology
Phones,TEC-PH-10003273,AT&T TR1909W,0.0,503.96,Technology
Phones,TEC-PH-10004896,Nokia Lumia 521 (T-Mobile),0.0,149.95,Technology
Accessories,TEC-AC-10002345,HP Standard 104 key PS/2 Keyboard,0.0,29.0,Technology
Binders,OFF-BI-10001890,Avery Poly Binder Pockets,0.0,7.16,Office Supplies
Accessories,TEC-AC-10002323,SanDisk Ultra 32 GB MicroSDHC Class 10 Memory Card,0.0,176.8,Technology
Storage,OFF-ST-10001328,"Personal Filing Tote with Lid, Black/Gray",0.2,37.224,Office Supplies
Paper,OFF-PA-10001950,Southworth 25% Cotton Antique Laid Paper & Envelopes,0.2,20.016,Office Supplies
Bookcases,FUR-BO-10002613,"Atlantic Metals Mobile 4-Shelf Bookcases, Custom Colors",0.2,899.136,Furniture
Phones,TEC-PH-10001552,I Need's 3d Hello Kitty Hybrid Silicone Case Cover for HTC One X 4g with 3d Hello Kitty Stylus Pen Green/pink,0.0,71.76,Technology
Paper,OFF-PA-10000061,Xerox 205,0.0,51.84,Office Supplies
Bookcases,FUR-BO-10002545,"Atlantic Metals Mobile 3-Shelf Bookcases, Custom Colors",0.2,626.352,Furniture
Art,OFF-AR-10003514,4009 Highlighters by Sanford,0.0,19.9,Office Supplies
Envelopes,OFF-EN-10001509,Poly String Tie Envelopes,0.0,14.28,Office Supplies
Art,OFF-AR-10004685,"Binney & Smith Crayola Metallic Colored Pencils, 8-Color Set",0.2,7.408,Office Supplies
Art,OFF-AR-10004027,"Binney & Smith inkTank Erasable Desk Highlighter, Chisel Tip, Yellow, 12/Box",0.2,6.048,Office Supplies
Storage,OFF-ST-10001414,Decoflex Hanging Personal Folder File,0.0,46.26,Office Supplies
Binders,OFF-BI-10000343,"Pressboard Covers with Storage Hooks, 9 1/2"" x 11"", Light Blue",0.7,2.946,Office Supplies
Paper,OFF-PA-10002749,"Wirebound Message Books, 5-1/2 x 4 Forms, 2 or 4 Forms per Page",0.2,16.056,Office Supplies
Paper,OFF-PA-10002666,Southworth 25% Cotton Linen-Finish Paper & Envelopes,0.2,21.744,Office Supplies
Tables,FUR-TA-10004289,BoxOffice By Design Rectangular and Half-Moon Meeting Room Tables,0.5,218.75,Furniture
Appliances,OFF-AP-10003622,"Bravo II Megaboss 12-Amp Hard Body Upright, Replacement Belts, 2 Belts per Pack",0.2,2.6,Office Supplies
Appliances,OFF-AP-10003217,Eureka Sanitaire  Commercial Upright,0.8,66.284,Office Supplies
Furnishings,FUR-FU-10002960,"Eldon 200 Class Desk Accessories, Burgundy",0.2,35.168,Furniture
Phones,TEC-PH-10001918,Nortel Business Series Terminal T7208 Digital phone,0.2,444.768,Technology
Storage,OFF-ST-10000642,"Tennsco Lockers, Gray",0.0,83.92,Office Supplies
Phones,TEC-PH-10001700,Panasonic KX-TG6844B Expandable Digital Cordless Telephone,0.0,131.98,Technology
Binders,OFF-BI-10003274,"Avery Durable Slant Ring Binders, No Labels",0.0,15.92,Office Supplies
Fasteners,OFF-FA-10000134,"Advantus Push Pins, Aluminum Head",0.0,52.29,Office Supplies
Storage,OFF-ST-10001522,"Gould Plastics 18-Pocket Panel Bin, 34w x 5-1/4d x 20-1/2h",0.0,91.99,Office Supplies
Accessories,TEC-AC-10001266,Memorex Micro Travel Drive 8 GB,0.2,20.8,Technology
Labels,OFF-LA-10004544,Avery 505,0.2,23.68,Office Supplies
Bookcases,FUR-BO-10004695,O'Sullivan 2-Door Barrister Bookcase in Odessa Pine,0.5,452.45,Furniture
Phones,TEC-PH-10002844,Speck Products Candyshell Flip Case,0.4,62.982,Technology
Machines,TEC-MA-10000864,Cisco 9971 IP Video Phone Charcoal,0.7,1188.0,Technology
Accessories,TEC-AC-10000109,Sony Micro Vault Click 16 GB USB 2.0 Flash Drive,0.2,89.584,Technology
Storage,OFF-ST-10001328,"Personal Filing Tote with Lid, Black/Gray",0.0,93.06,Office Supplies
Phones,TEC-PH-10002563,Adtran 1202752G1,0.2,302.376,Technology
Fasteners,OFF-FA-10000585,OIC Bulk Pack Metal Binder Clips,0.2,5.584,Office Supplies
Paper,OFF-PA-10004000,"While You Were Out Pads, 50 per Pad, 4 x 5 1/4, Green Cycle",0.2,22.704,Office Supplies
Binders,OFF-BI-10002852,Ibico Standard Transparent Covers,0.7,19.776,Office Supplies
Furnishings,FUR-FU-10000087,"Executive Impressions 14"" Two-Color Numerals Wall Clock",0.2,72.704,Furniture
Machines,TEC-MA-10001148,Swingline SM12-08 MicroCut Jam Free Shredder,0.7,479.988,Technology
Art,OFF-AR-10001958,Stanley Bostitch Contemporary Electric Pencil Sharpeners,0.2,27.168,Office Supplies
Art,OFF-AR-10001026,"Sanford Uni-Blazer View Highlighters, Chisel Tip, Yellow",0.0,2.2,Office Supplies
Tables,FUR-TA-10003748,Bevis 36 x 72 Conference Tables,0.0,622.45,Furniture
Storage,OFF-ST-10002485,Rogers Deluxe File Chest,0.0,21.98,Office Supplies
Chairs,FUR-CH-10004860,Global Low Back Tilter Chair,0.2,161.568,Furniture
Chairs,FUR-CH-10004477,"Global Push Button Manager's Chair, Indigo",0.2,389.696,Furniture
Binders,OFF-BI-10001679,GBC Instant Index System for Binding Systems,0.7,18.648,Office Supplies
Tables,FUR-TA-10001705,Bush Advantage Collection Round Conference Table,0.45,233.86,Furniture
Tables,FUR-TA-10003473,Bretford Rectangular Conference Table Tops,0.45,620.6145,Furniture
Binders,OFF-BI-10001679,GBC Instant Index System for Binding Systems,0.7,5.328,Office Supplies
Furnishings,FUR-FU-10004017,"Tenex Contemporary Contur Chairmats for Low and Medium Pile Carpet, Computer, 39"" x 49""",0.2,258.072,Furniture
Accessories,TEC-AC-10003832,,0.2,617.976,Technology
Paper,OFF-PA-10002479,Xerox 4200 Series MultiUse Premium Copy Paper (20Lb. and 84 Bright),0.0,10.56,Office Supplies
Paper,OFF-PA-10003349,Xerox 1957,0.2,25.92,Office Supplies
Furnishings,FUR-FU-10000576,Luxo Professional Fluorescent Magnifier Lamp with Clamp-Mount Base,0.6,419.68,Furniture
Furnishings,FUR-FU-10004351,Staple-based wall hangings,0.6,11.688,Furniture
Phones,TEC-PH-10000011,PureGear Roll-On Screen Protector,0.2,31.984,Technology
Tables,FUR-TA-10002607,KI Conference Tables,0.5,177.225,Furniture
Furnishings,FUR-FU-10002505,Eldon 100 Class Desk Accessories,0.6,4.044,Furniture
Art,OFF-AR-10004685,"Binney & Smith Crayola Metallic Colored Pencils, 8-Color Set",0.2,7.408,Office Supplies
Chairs,FUR-CH-10004063,Global Deluxe High-Back Manager's Chair,0.0,2001.86,Furniture
Storage,OFF-ST-10002276,Safco Steel Mobile File Cart,0.0,166.72,Office Supplies
Paper,OFF-PA-10004082,"Adams Telephone Message Book w/Frequently-Called Numbers Space, 400 Messages per Book",0.0,47.88,Office Supplies
Appliances,OFF-AP-10002945,Honeywell Enviracaire Portable HEPA Air Cleaner for 17' x 22' Room,0.0,1503.25,Office Supplies
Paper,OFF-PA-10000061,Xerox 205,0.0,25.92,Office Supplies
Chairs,FUR-CH-10002965,"Global Leather Highback Executive Chair with Pneumatic Height Adjustment, Black",0.2,321.568,Furniture
Paper,OFF-PA-10004569,"Wirebound Message Books, Two 4 1/4"" x 5"" Forms per Page",0.0,7.61,Office Supplies
Accessories,TEC-AC-10003832,,0.0,3347.37,Technology
Storage,OFF-ST-10001228,"Fellowes Personal Hanging Folder Files, Navy",0.0,80.58,Office Supplies
Envelopes,OFF-EN-10003296,Tyvek Side-Opening Peel & Seel Expanding Envelopes,0.0,361.92,Office Supplies
Furnishings,FUR-FU-10002505,Eldon 100 Class Desk Accessories,0.6,12.132,Furniture
Storage,OFF-ST-10004804,"Belkin 19"" Vented Equipment Shelf, Black",0.2,82.368,Office Supplies
Storage,OFF-ST-10001590,"Tenex Personal Project File with Scoop Front Design, Black",0.2,53.92,Office Supplies
Phones,TEC-PH-10001580,,0.2,647.904,Technology
Accessories,TEC-AC-10000290,Sabrent 4-Port USB 2.0 Hub,0.0,20.37,Technology
Storage,OFF-ST-10002790,Safco Industrial Shelving,0.0,221.55,Office Supplies
Binders,OFF-BI-10003460,Acco 3-Hole Punch,0.2,17.52,Office Supplies
Appliances,OFF-AP-10002203,Eureka Disposable Bags for Sanitaire Vibra Groomer I Upright Vac,0.8,1.624,Office Supplies
Machines,TEC-MA-10000822,Lexmark MX611dhe Monochrome Laser Printer,0.4,3059.982,Technology
Machines,TEC-MA-10003353,Xerox WorkCentre 6505DN Laser Multifunction Printer,0.4,2519.958,Technology
Phones,TEC-PH-10001433,Cisco Small Business SPA 502G VoIP phone,0.2,328.224,Technology
Accessories,TEC-AC-10004469,Microsoft Sculpt Comfort Mouse,0.0,79.9,Technology
Art,OFF-AR-10003602,"Quartet Omega Colored Chalk, 12/Pack",0.2,14.016,Office Supplies
Fasteners,OFF-FA-10003472,Bagged Rubber Bands,0.0,7.56,Office Supplies
Storage,OFF-ST-10004180,Safco Commercial Shelving,0.2,37.208,Office Supplies
Envelopes,OFF-EN-10004386,"Recycled Interoffice Envelopes with String and Button Closure, 10 x 13",0.2,57.576,Office Supplies
Storage,OFF-ST-10003208,Adjustable Depth Letter/Legal Cart,0.0,725.84,Office Supplies
Accessories,TEC-AC-10003628,Logitech 910-002974 M325 Wireless Mouse for Web Scrolling,0.0,209.93,Technology
Furnishings,FUR-FU-10003274,Regeneration Desk Collection,0.0,5.28,Furniture
Binders,OFF-BI-10002557,Presstex Flexible Ring Binders,0.2,10.92,Office Supplies
Paper,OFF-PA-10002615,"Ampad Gold Fibre Wirebound Steno Books, 6"" x 9"", Gregg Ruled",0.0,8.82,Office Supplies
Art,OFF-AR-10001427,Newell 330,0.0,5.98,Office Supplies
Paper,OFF-PA-10000673,,0.2,11.648,Office Supplies
Paper,OFF-PA-10004470,"Adams Write n' Stick Phone Message Book, 11"" X 5 1/4"", 200 Messages",0.2,18.176,Office Supplies
Storage,OFF-ST-10000876,Eldon Simplefile Box Office,0.2,59.712,Office Supplies
Labels,OFF-LA-10002043,Avery 489,0.2,24.84,Office Supplies
Binders,OFF-BI-10004967,Round Ring Binders,0.8,2.08,Office Supplies
Phones,TEC-PH-10001760,Bose SoundLink Bluetooth Speaker,0.2,1114.4,Technology
Tables,FUR-TA-10002903,"Bevis Round Bullnose 29"" High Table Top",0.2,1038.84,Furniture
Paper,OFF-PA-10000474,Easy-staple paper,0.2,141.76,Office Supplies
Accessories,TEC-AC-10001956,Microsoft Arc Touch Mouse,0.2,239.8,Technology
Paper,OFF-PA-10004100,Xerox 216,0.2,31.104,Office Supplies
Binders,OFF-BI-10000778,GBC VeloBinder Electric Binding Machine,0.7,254.058,Office Supplies
Appliances,OFF-AP-10002684,"Acco 7-Outlet Masterpiece Power Center, Wihtout Fax/Phone Line Protection",0.2,194.528,Office Supplies
Supplies,OFF-SU-10000646,Premier Automatic Letter Opener,0.2,961.48,Office Supplies
Fasteners,OFF-FA-10002983,Advantus SlideClip Paper Clips,0.2,19.096,Office Supplies
Labels,OFF-LA-10004689,Avery 512,0.2,18.496,Office Supplies
Accessories,TEC-AC-10002001,Logitech Wireless Gaming Headset G930,0.2,255.984,Technology
Bookcases,FUR-BO-10004709,"Bush Westfield Collection Bookcases, Medium Cherry Finish",0.5,86.97,Furniture
Furnishings,FUR-FU-10004091,"Howard Miller 13"" Diameter Goldtone Round Wall Clock",0.2,300.416,Furniture
Chairs,FUR-CH-10001891,Global Deluxe Office Fabric Chairs,0.2,230.352,Furniture
Furnishings,FUR-FU-10002918,Eldon ClusterMat Chair Mat with Cordless Antistatic Protection,0.2,218.352,Furniture
Binders,OFF-BI-10004593,Ibico Laser Imprintable Binding System Covers,0.7,78.6,Office Supplies
Fasteners,OFF-FA-10004854,"Vinyl Coated Wire Paper Clips in Organizer Box, 800/Box",0.2,27.552,Office Supplies
Paper,OFF-PA-10002105,Xerox 223,0.0,32.4,Office Supplies
Storage,OFF-ST-10002756,"Tennsco Stur-D-Stor Boltless Shelving, 5 Shelves, 24"" Deep, Sand",0.0,1082.48,Office Supplies
Paper,OFF-PA-10004243,Xerox 1939,0.0,56.91,Office Supplies
Furnishings,FUR-FU-10001861,"Floodlight Indoor Halogen Bulbs, 1 Bulb per Pack, 60 Watts",0.0,77.6,Furniture
Binders,OFF-BI-10002706,Avery Premier Heavy-Duty Binder with Round Locking Rings,0.0,14.28,Office Supplies
Tables,FUR-TA-10002533,BPI Conference Tables,0.5,219.075,Furniture
Furnishings,FUR-FU-10002671,Electrix 20W Halogen Replacement Bulb for Zoom-In Desk Lamp,0.0,26.8,Furniture
Art,OFF-AR-10003651,Newell 350,0.0,9.84,Office Supplies
Binders,OFF-BI-10001072,"GBC Clear Cover, 8-1/2 x 11, unpunched, 25 covers per pack",0.0,45.48,Office Supplies
Art,OFF-AR-10002135,Boston Heavy-Duty Trimline Electric Pencil Sharpeners,0.0,289.2,Office Supplies
Art,OFF-AR-10002804,Faber Castell Col-Erase Pencils,0.0,4.89,Office Supplies
Furnishings,FUR-FU-10001918,C-Line Cubicle Keepers Polyproplyene Holder With Velcro Backings,0.2,15.136,Furniture
Chairs,FUR-CH-10004086,Hon 4070 Series Pagoda Armless Upholstered Stacking Chairs,0.2,466.768,Furniture
Furnishings,FUR-FU-10001756,"Eldon Expressions Desk Accessory, Wood Photo Frame, Mahogany",0.2,15.232,Furniture
Labels,OFF-LA-10000634,Avery 509,0.2,6.264,Office Supplies
Furnishings,FUR-FU-10001588,"Deflect-o SuperTray Unbreakable Stackable Tray, Letter, Black",0.0,87.54,Furniture
Phones,TEC-PH-10002398,AT&T 1070 Corded Phone,0.2,178.384,Technology
Paper,OFF-PA-10001937,Xerox 21,0.2,15.552,Office Supplies
Art,OFF-AR-10003373,"Boston School Pro Electric Pencil Sharpener, 1670",0.2,99.136,Office Supplies
Chairs,FUR-CH-10002602,DMI Arturo Collection Mission-style Design Wood Chair,0.1,135.882,Furniture
Machines,TEC-MA-10002927,Canon imageCLASS MF7460 Monochrome Digital Laser Multifunction Copier,0.0,3991.98,Technology
Phones,TEC-PH-10004093,Panasonic Kx-TS550,0.0,275.94,Technology
Accessories,TEC-AC-10000892,NETGEAR N750 Dual Band Wi-Fi Gigabit Router,0.0,360.0,Technology
Storage,OFF-ST-10002974,"Trav-L-File Heavy-Duty Shuttle II, Black",0.0,43.57,Office Supplies
Fasteners,OFF-FA-10000624,OIC Binder Clips,0.0,7.16,Office Supplies
Binders,OFF-BI-10004593,Ibico Laser Imprintable Binding System Covers,0.2,251.52,Office Supplies
Accessories,TEC-AC-10001908,Logitech Wireless Headset h800,0.0,99.99,Technology
Furnishings,FUR-FU-10001967,Telescoping Adjustable Floor Lamp,0.2,15.992,Furniture
Phones,TEC-PH-10003645,Aastra 57i VoIP phone,0.4,290.898,Technology
Storage,OFF-ST-10000675,"File Shuttle II and Handi-File, Black",0.2,54.224,Office Supplies
Chairs,FUR-CH-10003312,,0.3,786.744,Furniture
Labels,OFF-LA-10001074,Round Specialty Laser Printer Labels,0.2,100.24,Office Supplies
Binders,OFF-BI-10001524,GBC Premium Transparent Covers with Diagonal Lined Pattern,0.7,37.764,Office Supplies
Phones,TEC-PH-10004614,AT&T 841000 Phone,0.4,82.8,Technology
Binders,OFF-BI-10001153,Ibico Recycled Grain-Textured Covers,0.7,20.724,Office Supplies
Binders,OFF-BI-10001982,Wilson Jones Custom Binder Spines & Labels,0.7,4.896,Office Supplies
Binders,OFF-BI-10001922,Storex Dura Pro Binders,0.2,4.752,Office Supplies
Copiers,TEC-CO-10001449,Hewlett Packard LaserJet 3310 Copier,0.2,959.984,Technology
Binders,OFF-BI-10004140,Avery Non-Stick Binders,0.2,14.368,Office Supplies
Binders,OFF-BI-10003314,Tuff Stuff Recycled Round Ring Binders,0.2,7.712,Office Supplies
Tables,FUR-TA-10004575,Hon 5100 Series Wood Tables,0.2,698.352,Furniture
Fasteners,OFF-FA-10000490,"OIC Binder Clips, Mini, 1/4"" Capacity, Black",0.0,4.96,Office Supplies
Art,OFF-AR-10000122,Newell 314,0.2,17.856,Office Supplies
Binders,OFF-BI-10003656,Fellowes PB200 Plastic Comb Binding Machine,0.7,509.97,Office Supplies
Fasteners,OFF-FA-10002780,Staples,0.2,30.992,Office Supplies
Phones,TEC-PH-10000702,"Square Credit Card Reader, 4 1/2"" x 4 1/2"" x 1"", White",0.4,71.928,Technology
Storage,OFF-ST-10000107,Fellowes Super Stor/Drawer,0.2,88.8,Office Supplies
Phones,TEC-PH-10002293,Anker 36W 4-Port USB Wall Charger Travel Power Adapter for iPhone 5s 5c 5,0.2,47.976,Technology
Art,OFF-AR-10004027,"Binney & Smith inkTank Erasable Desk Highlighter, Chisel Tip, Yellow, 12/Box",0.0,7.56,Office Supplies
Paper,OFF-PA-10000249,Easy-staple paper,0.0,24.56,Office Supplies
Art,OFF-AR-10001374,"BIC Brite Liner Highlighters, Chisel Tip",0.0,12.96,Office Supplies
Accessories,TEC-AC-10000290,Sabrent 4-Port USB 2.0 Hub,0.0,6.79,Technology
Paper,OFF-PA-10001970,Xerox 1881,0.0,24.56,Office Supplies
Binders,OFF-BI-10002160,Acco Hanging Data Binders,0.2,3.048,Office Supplies
Paper,OFF-PA-10001970,Xerox 1881,0.0,49.12,Office Supplies
Binders,OFF-BI-10004995,GBC DocuBind P400 Electric Binding System,0.2,4355.168,Office Supplies
Bookcases,FUR-BO-10002268,Sauder Barrister Bookcases,0.2,388.704,Furniture
Envelopes,OFF-EN-10001137,"#10 Gummed Flap White Envelopes, 100/Box",0.0,8.26,Office Supplies
Art,OFF-AR-10002399,"Dixon Prang Watercolor Pencils, 10-Color Set with Brush",0.0,17.04,Office Supplies
Paper,OFF-PA-10002713,,0.0,34.4,Office Supplies
Paper,OFF-PA-10002666,Southworth 25% Cotton Linen-Finish Paper & Envelopes,0.2,36.24,Office Supplies
Appliances,OFF-AP-10001124,Belkin 8 Outlet SurgeMaster II Gold Surge Protector with Phone Protection,0.0,647.84,Office Supplies
Labels,OFF-LA-10001158,"Avery Address/Shipping Labels for Typewriters, 4"" x 2""",0.0,20.7,Office Supplies
Labels,OFF-LA-10001158,"Avery Address/Shipping Labels for Typewriters, 4"" x 2""",0.0,20.7,Office Supplies
Chairs,FUR-CH-10000785,Global Ergonomic Managers Chair,0.1,488.646,Furniture
Art,OFF-AR-10003732,Newell 333,0.0,5.56,Office Supplies
Furnishings,FUR-FU-10000023,Eldon Wave Desk Accessories,0.0,47.12,Furniture
Storage,OFF-ST-10001713,"Gould Plastics 9-Pocket Panel Bin, 18-3/8w x 5-1/4d x 20-1/2h, Black",0.0,211.96,Office Supplies
Binders,OFF-BI-10002412,,0.0,23.2,Office Supplies
Supplies,OFF-SU-10001225,Staple remover,0.0,7.36,Office Supplies
Storage,OFF-ST-10002406,Pizazz Global Quick File,0.0,104.79,Office Supplies
Bookcases,FUR-BO-10002545,"Atlantic Metals Mobile 3-Shelf Bookcases, Custom Colors",0.0,1043.92,Furniture
Paper,OFF-PA-10002036,Xerox 1930,0.2,25.92,Office Supplies
Storage,OFF-ST-10002205,File Shuttle I and Handi-File,0.2,53.424,Office Supplies
Binders,OFF-BI-10001982,Wilson Jones Custom Binder Spines & Labels,0.7,8.16,Office Supplies
Accessories,TEC-AC-10003911,,0.2,1023.936,Technology
Art,OFF-AR-10000658,Newell 324,0.2,9.24,Office Supplies
Accessories,TEC-AC-10002076,Microsoft Natural Keyboard Elite,0.2,479.04,Technology
Paper,OFF-PA-10003039,Xerox 1960,0.2,99.136,Office Supplies
Tables,FUR-TA-10004915,"Office Impressions End Table, 20-1/2""H x 24""W x 20""D",0.3,1488.424,Furniture
Appliances,OFF-AP-10000696,Holmes Odor Grabber,0.8,8.652,Office Supplies
Storage,OFF-ST-10003327,Akro-Mils 12-Gallon Tote,0.2,23.832,Office Supplies
Binders,OFF-BI-10000309,"GBC Twin Loop Wire Binding Elements, 9/16"" Spine, Black",0.8,12.176,Office Supplies
Paper,OFF-PA-10004734,Southworth Structures Collection,0.0,50.96,Office Supplies
Binders,OFF-BI-10002225,"Square Ring Data Binders, Rigid 75 Pt. Covers, 11"" x 14-7/8""",0.2,49.536,Office Supplies
Accessories,TEC-AC-10004708,Sony 32GB Class 10 Micro SDHC R40 Memory Card,0.0,41.9,Technology
Tables,FUR-TA-10000617,"Hon Practical Foundations 30 x 60 Training Table, Light Gray/Charcoal",0.45,375.4575,Furniture
Accessories,TEC-AC-10002335,Logitech Media Keyboard K200,0.2,83.976,Technology
Machines,TEC-MA-10001681,Lexmark MarkNet N8150 Wireless Print Server,0.7,482.34,Technology
Furnishings,FUR-FU-10001935,3M Hangers With Command Adhesive,0.2,2.96,Furniture
Art,OFF-AR-10004757,Crayola Colored Pencils,0.2,2.624,Office Supplies
Binders,OFF-BI-10000050,"Angle-D Binders with Locking Rings, Label Holders",0.2,23.36,Office Supplies
Accessories,TEC-AC-10001998,,0.0,39.98,Technology
Phones,TEC-PH-10003012,Nortel Meridian M3904 Professional Digital phone,0.2,246.384,Technology
Copiers,TEC-CO-10002313,Canon PC1080F Personal Copier,0.0,1799.97,Technology
Binders,OFF-BI-10003982,Wilson Jones Century Plastic Molded Ring Binders,0.8,12.462,Office Supplies
Binders,OFF-BI-10004492,Tuf-Vin Binders,0.2,75.792,Office Supplies
Storage,OFF-ST-10000798,2300 Heavy-Duty Transfer File Systems by Perma,0.0,49.96,Office Supplies
Paper,OFF-PA-10002552,Xerox 1958,0.0,12.96,Office Supplies
Supplies,OFF-SU-10002573,"Acme 10"" Easy Grip Assistive Scissors",0.0,70.12,Office Supplies
Storage,OFF-ST-10001580,Super Decoflex Portable Personal File,0.2,35.952,Office Supplies
Bookcases,FUR-BO-10004834,"Riverside Palais Royal Lawyers Bookcase, Royale Cherry Finish",0.32,2396.2656,Furniture
Storage,OFF-ST-10000934,"Contico 72""H Heavy-Duty Storage System",0.2,131.136,Office Supplies
Accessories,TEC-AC-10000158,Sony 64GB Class 10 Micro SDHC R40 Memory Card,0.2,57.584,Technology
Paper,OFF-PA-10001947,Xerox 1974,0.2,9.568,Office Supplies
Art,OFF-AR-10003478,"Avery Hi-Liter EverBold Pen Style Fluorescent Highlighters, 4/Pack",0.2,39.072,Office Supplies
Appliances,OFF-AP-10004249,Staple holder,0.0,35.91,Office Supplies
Accessories,TEC-AC-10000158,Sony 64GB Class 10 Micro SDHC R40 Memory Card,0.0,179.95,Technology
Copiers,TEC-CO-10004115,Sharp AL-1530CS Digital Copier,0.2,1199.976,Technology
Paper,OFF-PA-10003724,"Wirebound Message Book, 4 per Page",0.0,27.15,Office Supplies
Tables,FUR-TA-10002041,"Bevis Round Conference Table Top, X-Base",0.2,1004.024,Furniture
Paper,OFF-PA-10002893,"Wirebound Service Call Books, 5 1/2"" x 4""",0.0,9.68,Office Supplies
Labels,OFF-LA-10003766,Self-Adhesive Removable Labels,0.0,28.35,Office Supplies
Paper,OFF-PA-10001970,Xerox 1908,0.0,55.98,Office Supplies
Bookcases,FUR-BO-10001972,O'Sullivan 4-Shelf Bookcase in Odessa Pine,0.15,1336.829,Furniture
Chairs,FUR-CH-10003956,Novimex High-Tech Fabric Mesh Task Chair,0.2,113.568,Furniture
Paper,OFF-PA-10000157,Xerox 191,0.0,139.86,Office Supplies
Chairs,FUR-CH-10001891,Global Deluxe Office Fabric Chairs,0.2,307.136,Furniture
Art,OFF-AR-10004344,Bulldog Vacuum Base Pencil Sharpener,0.0,95.92,Office Supplies
Chairs,FUR-CH-10004886,Bevis Steel Folding Chairs,0.2,383.8,Furniture
Paper,OFF-PA-10003845,Xerox 1987,0.0,5.78,Office Supplies
Art,OFF-AR-10001573,American Pencil,0.0,9.32,Office Supplies
Envelopes,OFF-EN-10000483,"White Envelopes, White Envelopes with Clear Poly Window",0.0,15.25,Office Supplies
Accessories,TEC-AC-10004114,,0.2,196.752,Technology
Furnishings,FUR-FU-10004712,"Westinghouse Mesh Shade Clip-On Gooseneck Lamp, Black",0.0,56.56,Furniture
Storage,OFF-ST-10000918,Crate-A-Files,0.0,32.7,Office Supplies
Chairs,FUR-CH-10000015,Hon Multipurpose Stacking Arm Chairs,0.0,866.4,Furniture
Furnishings,FUR-FU-10003347,Coloredge Poster Frame,0.0,28.4,Furniture
Binders,OFF-BI-10001543,GBC VeloBinder Manual Binding System,0.0,287.92,Office Supplies
Machines,TEC-MA-10000029,"Epson WorkForce WF-2530 All-in-One Printer, Copier Scanner",0.0,69.99,Technology
Art,OFF-AR-10000369,Design Ebony Sketching Pencil,0.2,6.672,Office Supplies
Binders,OFF-BI-10004584,GBC ProClick 150 Presentation Binding System,0.7,189.588,Office Supplies
Accessories,TEC-AC-10004659,,0.2,408.744,Technology
Accessories,TEC-AC-10004659,,0.2,291.96,Technology
Storage,OFF-ST-10000617,Woodgrain Magazine Files by Perma,0.2,4.768,Office Supplies
Storage,OFF-ST-10003306,Letter Size Cart,0.0,714.3,Office Supplies
Binders,OFF-BI-10000773,Insertable Tab Post Binder Dividers,0.7,4.812,Office Supplies
Accessories,TEC-AC-10002600,Belkin QODE FastFit Bluetooth Keyboard,0.2,247.8,Technology
Machines,TEC-MA-10002937,"Canon Color ImageCLASS MF8580Cdw Wireless Laser All-In-One Printer, Copier, Scanner",0.3,1007.979,Technology
Paper,OFF-PA-10001970,Xerox 1908,0.2,313.488,Office Supplies
Paper,OFF-PA-10002230,Xerox 1897,0.2,31.872,Office Supplies
Chairs,FUR-CH-10003396,Global Deluxe Steno Chair,0.1,207.846,Furniture
Furnishings,FUR-FU-10000246,Aluminum Document Frame,0.0,12.22,Furniture
Storage,OFF-ST-10000060,Fellowes Bankers Box Staxonsteel Drawer File/Stacking System,0.0,194.94,Office Supplies
Storage,OFF-ST-10003058,Eldon Mobile Mega Data Cart  Mega Stackable  Add-On Trays,0.0,70.95,Office Supplies
Paper,OFF-PA-10002222,"Xerox Color Copier Paper, 11"" x 17"", Ream",0.0,91.36,Office Supplies
Chairs,FUR-CH-10002372,Office Star - Ergonomically Designed Knee Chair,0.0,242.94,Furniture
Labels,OFF-LA-10001317,Avery 520,0.0,22.05,Office Supplies
Furnishings,FUR-FU-10000206,"GE General Purpose, Extra Long Life, Showcase & Floodlight Incandescent Bulbs",0.0,2.91,Furniture
Art,OFF-AR-10000588,Newell 345,0.0,59.52,Office Supplies
Storage,OFF-ST-10001469,Fellowes Bankers Box Recycled Super Stor/Drawer,0.0,161.94,Office Supplies
Art,OFF-AR-10001953,Boston 1645 Deluxe Heavier-Duty Electric Pencil Sharpener,0.0,263.88,Office Supplies
Art,OFF-AR-10003156,50 Colored Long Pencils,0.0,30.48,Office Supplies
Art,OFF-AR-10004974,Newell 342,0.0,9.84,Office Supplies
Phones,TEC-PH-10002365,Belkin Grip Candy Sheer Case / Cover for iPhone 5 and 5S,0.0,35.12,Technology
Tables,FUR-TA-10001539,Chromcraft Rectangular Conference Tables,0.4,284.364,Furniture
Storage,OFF-ST-10000142,Deluxe Rollaway Locking File with Drawer,0.2,665.408,Office Supplies
Accessories,TEC-AC-10001772,Memorex Mini Travel Drive 16 GB USB 2.0 Flash Drive,0.0,63.88,Technology
Chairs,FUR-CH-10000225,"Global Geo Office Task Chair, Gray",0.2,129.568,Furniture
Chairs,FUR-CH-10002331,Hon 4700 Series Mobuis Mid-Back Task Chairs with Adjustable Arms,0.3,747.558,Furniture
Envelopes,OFF-EN-10001415,Staple envelope,0.2,8.928,Office Supplies
Appliances,OFF-AP-10002472,3M Office Air Cleaner,0.0,103.92,Office Supplies
Accessories,TEC-AC-10004571,Logitech G700s Rechargeable Gaming Mouse,0.0,899.91,Technology
Binders,OFF-BI-10001098,Acco D-Ring Binder w/DublLock,0.2,51.312,Office Supplies
Furnishings,FUR-FU-10000023,Eldon Wave Desk Accessories,0.2,23.56,Furniture
Tables,FUR-TA-10001889,Bush Advantage Collection Racetrack Conference Table,0.5,1272.63,Furniture
Binders,OFF-BI-10000315,Poly Designer Cover & Back,0.7,28.485,Office Supplies
Supplies,OFF-SU-10003505,Premier Electric Letter Opener,0.2,185.376,Office Supplies
Appliances,OFF-AP-10002578,"Fellowes Premier Superior Surge Suppressor, 10-Outlet, With Phone and Remote",0.2,78.272,Office Supplies
Furnishings,FUR-FU-10002918,Eldon ClusterMat Chair Mat with Cordless Antistatic Protection,0.6,254.744,Furniture
Bookcases,FUR-BO-10002824,Bush Mission Pointe Library,0.32,205.3328,Furniture
Binders,OFF-BI-10002194,Cardinal Hold-It CD Pocket,0.8,4.788,Office Supplies
Paper,OFF-PA-10004071,"Eaton Premium Continuous-Feed Paper, 25% Cotton, Letter Size, White, 1000 Shts/Box",0.0,55.48,Office Supplies
Storage,OFF-ST-10002743,SAFCO Boltless Steel Shelving,0.0,340.92,Office Supplies
Bookcases,FUR-BO-10001601,"Sauder Mission Library with Doors, Fruitwood Finish",0.15,222.666,Furniture
Phones,TEC-PH-10002680,Samsung Galaxy Note 3,0.2,703.968,Technology
Storage,OFF-ST-10001321,"Decoflex Hanging Personal Folder File, Blue",0.0,92.52,Office Supplies
Paper,OFF-PA-10001509,"Recycled Desk Saver Line ""While You Were Out"" Book, 5 1/2"" X 4""",0.0,62.65,Office Supplies
Paper,OFF-PA-10003465,Xerox 1912,0.0,94.85,Office Supplies
Phones,TEC-PH-10000149,Cisco SPA525G2 IP Phone - Wireless,0.2,95.76,Technology
Furnishings,FUR-FU-10002671,Electrix 20W Halogen Replacement Bulb for Zoom-In Desk Lamp,0.0,40.2,Furniture
Art,OFF-AR-10003045,Prang Colored Pencils,0.0,14.7,Office Supplies
Storage,OFF-ST-10000689,"Fellowes Strictly Business Drawer File, Letter/Legal Size",0.0,704.25,Office Supplies
Accessories,TEC-AC-10001445,,0.0,9.09,Technology
Art,OFF-AR-10002053,"Premium Writing Pencils, Soft, #2 by Central Association for the Blind",0.0,5.96,Office Supplies
Accessories,TEC-AC-10002567,Logitech G602 Wireless Gaming Mouse,0.0,159.98,Technology
Labels,OFF-LA-10003923,Alphabetical Labels for Top Tab Filing,0.0,29.6,Office Supplies
Bookcases,FUR-BO-10001337,O'Sullivan Living Dimensions 2-Shelf Bookcases,0.15,514.165,Furniture
Phones,TEC-PH-10001924,iHome FM Clock Radio with Lightning Dock,0.2,279.96,Technology
Phones,TEC-PH-10001363,Apple iPhone 5S,0.2,2735.952,Technology
Phones,TEC-PH-10000376,Square Credit Card Reader,0.2,7.992,Technology
Accessories,TEC-AC-10000303,Logitech M510 Wireless Mouse,0.2,63.984,Technology
Art,OFF-AR-10001953,Boston 1645 Deluxe Heavier-Duty Electric Pencil Sharpener,0.2,70.368,Office Supplies
Storage,OFF-ST-10001809,Fellowes Officeware Wire Shelving,0.0,449.15,Office Supplies
Envelopes,OFF-EN-10003845,Colored Envelopes,0.0,11.07,Office Supplies
Accessories,TEC-AC-10000991,Sony Micro Vault Click 8 GB USB 2.0 Flash Drive,0.0,93.98,Technology
Tables,FUR-TA-10001857,Balt Solid Wood Rectangular Table,0.4,189.882,Furniture
Envelopes,OFF-EN-10001434,"Strathmore #10 Envelopes, Ultimate White",0.0,105.42,Office Supplies
Binders,OFF-BI-10002498,Clear Mylar Reinforcing Strips,0.2,119.616,Office Supplies
Furnishings,FUR-FU-10004864,"Howard Miller 14-1/2"" Diameter Chrome Round Wall Clock",0.0,255.76,Furniture
Chairs,FUR-CH-10002602,DMI Arturo Collection Mission-style Design Wood Chair,0.2,241.568,Furniture
Furnishings,FUR-FU-10000073,Deflect-O Glasstique Clear Desk Accessories,0.0,69.3,Furniture
Binders,OFF-BI-10001670,Vinyl Sectional Post Binders,0.7,22.62,Office Supplies
Binders,OFF-BI-10001658,GBC Standard Therm-A-Bind Covers,0.7,14.952,Office Supplies
Chairs,FUR-CH-10001215,Global Troy Executive Leather Low-Back Tilter,0.2,801.568,Furniture
Binders,OFF-BI-10000831,Storex Flexible Poly Binders with Double Pockets,0.7,2.376,Office Supplies
Paper,OFF-PA-10000357,"White Dual Perf Computer Printout Paper, 2700 Sheets, 1 Part, Heavyweight, 20 lbs., 14 7/8 x 11",0.2,32.792,Office Supplies
Binders,OFF-BI-10003274,"Avery Durable Slant Ring Binders, No Labels",0.2,15.92,Office Supplies
Art,OFF-AR-10001662,Rogers Handheld Barrel Pencil Sharpener,0.0,2.74,Office Supplies
Art,OFF-AR-10003856,Newell 344,0.0,8.34,Office Supplies
Storage,OFF-ST-10001228,Personal File Boxes with Fold-Down Carry Handle,0.0,46.74,Office Supplies
Binders,OFF-BI-10003527,Fellowes PB500 Electric Punch Plastic Comb Binding Machine with Manual Bind,0.0,6354.95,Office Supplies
Furnishings,FUR-FU-10001290,Executive Impressions Supervisor Wall Clock,0.0,126.3,Furniture
Accessories,TEC-AC-10002399,SanDisk Cruzer 32 GB USB Flash Drive,0.0,38.04,Technology
Art,OFF-AR-10002053,"Premium Writing Pencils, Soft, #2 by Central Association for the Blind",0.2,7.152,Office Supplies
Art,OFF-AR-10003811,Newell 327,0.0,6.63,Office Supplies
Art,OFF-AR-10001246,Newell 317,0.0,5.88,Office Supplies
Copiers,TEC-CO-10003236,Canon Image Class D660 Copier,0.0,2999.95,Technology
Storage,OFF-ST-10004507,Advantus Rolling Storage Box,0.0,51.45,Office Supplies
Paper,OFF-PA-10001667,Great White Multi-Use Recycled Paper (20Lb. and 84 Bright),0.0,11.96,Office Supplies
Storage,OFF-ST-10004459,Tennsco Single-Tier Lockers,0.0,1126.02,Office Supplies
Accessories,TEC-AC-10000171,"Verbatim 25 GB 6x Blu-ray Single Layer Recordable Disc, 25/Pack",0.2,18.392,Technology
Storage,OFF-ST-10000736,Carina Double Wide Media Storage Towers in Natural & Black,0.2,129.568,Office Supplies
Binders,OFF-BI-10000285,XtraLife ClearVue Slant-D Ring Binders by Cardinal,0.8,14.112,Office Supplies
Tables,FUR-TA-10001857,Balt Solid Wood Rectangular Table,0.0,210.98,Furniture
Phones,TEC-PH-10003555,Motorola HK250 Universal Bluetooth Headset,0.2,55.176,Technology
Accessories,TEC-AC-10003832,,0.0,66.26,Technology
Fasteners,OFF-FA-10002815,Staples,0.0,22.2,Office Supplies
Chairs,FUR-CH-10003379,Global Commerce Series High-Back Swivel/Tilt Chairs,0.2,683.952,Furniture
Furnishings,FUR-FU-10001756,"Eldon Expressions Desk Accessory, Wood Photo Frame, Mahogany",0.2,45.696,Furniture
Storage,OFF-ST-10004963,Eldon Gobal File Keepers,0.2,36.336,Office Supplies
Supplies,OFF-SU-10002881,Martin Yale Chadless Opener Electric Letter Opener,0.2,666.248,Office Supplies
Envelopes,OFF-EN-10001335,"White Business Envelopes with Contemporary Seam, Recycled White Business Envelopes",0.2,52.512,Office Supplies
Chairs,FUR-CH-10000595,Safco Contoured Stacking Chairs,0.2,190.72,Furniture
Furnishings,FUR-FU-10000448,Tenex Chairmats For Use With Carpeted Floors,0.0,47.94,Furniture
Phones,TEC-PH-10000984,Panasonic KX-TG9471B,0.0,979.95,Technology
Binders,OFF-BI-10002557,Presstex Flexible Ring Binders,0.0,22.75,Office Supplies
Storage,OFF-ST-10001325,Sterilite Officeware Hinged File Box,0.2,16.768,Office Supplies
Binders,OFF-BI-10002429,"Premier Elliptical Ring Binder, Black",0.8,42.616,Office Supplies
Binders,OFF-BI-10004528,Cardinal Poly Pocket Divider Pockets for Ring Binders,0.2,10.752,Office Supplies
Appliances,OFF-AP-10001271,Eureka The Boss Cordless Rechargeable Stick Vac,0.0,152.94,Office Supplies
Chairs,FUR-CH-10002647,"Situations Contoured Folding Chairs, 4/Set",0.0,283.92,Furniture
Accessories,TEC-AC-10001432,Enermax Aurora Lite Keyboard,0.0,468.9,Technology
Phones,TEC-PH-10002262,LG Electronics Tone+ HBS-730 Bluetooth Headset,0.2,380.864,Technology
Storage,OFF-ST-10001809,Fellowes Officeware Wire Shelving,0.2,646.776,Office Supplies
Accessories,TEC-AC-10001465,SanDisk Cruzer 64 GB USB Flash Drive,0.2,58.112,Technology
Phones,TEC-PH-10002597,,0.2,100.792,Technology
Furnishings,FUR-FU-10000723,"Deflect-o EconoMat Studded, No Bevel Mat for Low Pile Carpeting",0.6,66.112,Furniture
Binders,OFF-BI-10000404,Avery Printable Repositionable Plastic Tabs,0.2,41.28,Office Supplies
Paper,OFF-PA-10002986,Xerox 1898,0.0,13.36,Office Supplies
Storage,OFF-ST-10000604,Home/Office Personal File Carts,0.2,250.272,Office Supplies
Binders,OFF-BI-10004738,Flexible Leather- Look Classic Collection Ring Binder,0.8,11.364,Office Supplies
Supplies,OFF-SU-10001935,Staple remover,0.2,8.72,Office Supplies
Chairs,FUR-CH-10002024,HON 5400 Series Task Chairs for Big and Tall,0.2,1121.568,Furniture
Furnishings,FUR-FU-10003039,"Howard Miller 11-1/2"" Diameter Grantwood Wall Clock",0.2,34.504,Furniture
Fasteners,OFF-FA-10004248,Advantus T-Pin Paper Clips,0.2,10.824,Office Supplies
Storage,OFF-ST-10001780,Tennsco 16-Compartment Lockers with Coat Rack,0.0,1295.78,Office Supplies
Art,OFF-AR-10003560,Zebra Zazzle Fluorescent Highlighters,0.2,19.456,Office Supplies
Labels,OFF-LA-10001297,Avery 473,0.0,20.7,Office Supplies
Tables,FUR-TA-10004256,,0.2,1335.68,Furniture
Paper,OFF-PA-10003441,Xerox 226,0.0,32.4,Office Supplies
Furnishings,FUR-FU-10003347,Coloredge Poster Frame,0.0,42.6,Furniture
Binders,OFF-BI-10000069,"GBC Prepunched Paper, 19-Hole, for Binding Systems, 24-lb",0.2,84.056,Office Supplies
Appliances,OFF-AP-10003914,"Sanitaire Vibra Groomer IR Commercial Upright Vacuum, Replacement Belts",0.2,13.0,Office Supplies
Furnishings,FUR-FU-10004020,Advantus Panel Wall Acrylic Frame,0.2,13.128,Furniture
Fasteners,OFF-FA-10003467,"Alliance Big Bands Rubber Bands, 12/Pack",0.0,3.96,Office Supplies
Labels,OFF-LA-10000634,Avery 509,0.0,2.61,Office Supplies
Phones,TEC-PH-10002496,Cisco SPA301,0.2,374.376,Technology
Paper,OFF-PA-10004530,Personal Creations Ink Jet Cards and Labels,0.0,91.84,Office Supplies
Binders,OFF-BI-10001107,"GBC White Gloss Covers, Plain Front",0.2,81.088,Office Supplies
Paper,OFF-PA-10004451,Xerox 222,0.0,19.44,Office Supplies
Chairs,FUR-CH-10004997,Hon Every-Day Series Multi-Task Chairs,0.2,451.152,Furniture
Labels,OFF-LA-10001297,Avery 473,0.0,72.45,Office Supplies
Fasteners,OFF-FA-10000585,OIC Bulk Pack Metal Binder Clips,0.0,13.96,Office Supplies
Binders,OFF-BI-10001922,Storex Dura Pro Binders,0.2,33.264,Office Supplies
Phones,TEC-PH-10000347,Cush Cases Heavy Duty Rugged Cover Case for Samsung Galaxy S5 - Purple,0.0,14.85,Technology
Art,OFF-AR-10003394,Newell 332,0.0,8.82,Office Supplies
Paper,OFF-PA-10004530,Personal Creations Ink Jet Cards and Labels,0.0,160.72,Office Supplies
Paper,OFF-PA-10001450,Rediform S.O.S. Phone Message Books,0.0,19.92,Office Supplies
Supplies,OFF-SU-10001574,Acme Value Line Scissors,0.0,7.3,Office Supplies
Storage,OFF-ST-10002974,"Trav-L-File Heavy-Duty Shuttle II, Black",0.2,69.712,Office Supplies
Furnishings,FUR-FU-10001475,"Contract Clock, 14"", Brown",0.6,8.792,Furniture
Supplies,OFF-SU-10004498,Martin-Yale Premier Letter Opener,0.0,51.52,Office Supplies
Phones,TEC-PH-10004977,GE 30524EE4,0.2,470.376,Technology
Phones,TEC-PH-10000586,AT&T SB67148 SynJ,0.2,105.584,Technology
Appliances,OFF-AP-10000358,Fellowes Basic Home/Office Series Surge Protectors,0.2,31.152,Office Supplies
Binders,OFF-BI-10002764,Recycled Pressboard Report Cover with Reinforced Top Hinge,0.7,6.783,Office Supplies
Phones,TEC-PH-10001254,,0.2,406.368,Technology
Chairs,FUR-CH-10003956,Novimex High-Tech Fabric Mesh Task Chair,0.0,70.98,Furniture
Labels,OFF-LA-10003930,"Dot Matrix Printer Tape Reel Labels, White, 5000/Box",0.0,294.93,Office Supplies
Phones,TEC-PH-10003800,i.Sound Portable Power - 8000 mAh,0.2,84.784,Technology
Paper,OFF-PA-10002005,Xerox 225,0.2,20.736,Office Supplies
Binders,OFF-BI-10002498,Clear Mylar Reinforcing Strips,0.7,16.821,Office Supplies
Paper,OFF-PA-10004101,Xerox 1894,0.2,10.368,Office Supplies
Art,OFF-AR-10004078,Newell 312,0.2,9.344,Office Supplies
Accessories,TEC-AC-10001266,Memorex Micro Travel Drive 8 GB,0.2,31.2,Technology
Appliances,OFF-AP-10004708,Fellowes Superior 10 Outlet Split Surge Protector,0.0,76.12,Office Supplies
Copiers,TEC-CO-10004115,Sharp AL-1530CS Digital Copier,0.2,1199.976,Technology
Phones,TEC-PH-10002398,AT&T 1070 Corded Phone,0.2,445.96,Technology
Furnishings,FUR-FU-10001979,Dana Halogen Swing-Arm Architect Lamp,0.0,327.76,Furniture
Supplies,OFF-SU-10004115,Acme Stainless Steel Office Snips,0.2,11.632,Office Supplies
Phones,TEC-PH-10001425,Mophie Juice Pack Helium for iPhone,0.4,143.982,Technology
Phones,TEC-PH-10003963,GE 2-Jack Phone Line Splitter,0.4,494.376,Technology
Supplies,OFF-SU-10001574,Acme Value Line Scissors,0.2,5.84,Office Supplies
Storage,OFF-ST-10001490,"Hot File 7-Pocket, Floor Stand",0.2,142.776,Office Supplies
Furnishings,FUR-FU-10001756,"Eldon Expressions Desk Accessory, Wood Photo Frame, Mahogany",0.2,45.696,Furniture
Binders,OFF-BI-10000773,Insertable Tab Post Binder Dividers,0.7,7.218,Office Supplies
Binders,OFF-BI-10001543,GBC VeloBinder Manual Binding System,0.7,43.188,Office Supplies
Paper,OFF-PA-10002120,Xerox 1889,0.2,131.904,Office Supplies
Binders,OFF-BI-10000848,Angle-D Ring Binders,0.7,3.282,Office Supplies
Art,OFF-AR-10001246,Newell 317,0.2,21.168,Office Supplies
Phones,TEC-PH-10003092,Motorola L804,0.4,55.188,Technology
Phones,TEC-PH-10003012,Nortel Meridian M3904 Professional Digital phone,0.2,369.576,Technology
Labels,OFF-LA-10004345,Avery 493,0.2,15.712,Office Supplies
Paper,OFF-PA-10001204,Xerox 1972,0.2,8.448,Office Supplies
Phones,TEC-PH-10004667,Cisco 8x8 Inc. 6753i IP Business Phone System,0.4,728.946,Technology
Phones,TEC-PH-10000011,PureGear Roll-On Screen Protector,0.4,119.94,Technology
Binders,OFF-BI-10002949,Prestige Round Ring Binders,0.7,3.648,Office Supplies
Furnishings,FUR-FU-10003849,"DAX Metal Frame, Desktop, Stepped-Edge",0.0,40.48,Furniture
Furnishings,FUR-FU-10000010,"DAX Value U-Channel Document Frames, Easel Back",0.0,9.94,Furniture
Binders,OFF-BI-10002824,Recycled Easel Ring Binders,0.2,107.424,Office Supplies
Phones,TEC-PH-10002538,Grandstream GXP1160 VoIP phone,0.0,37.91,Technology
Furnishings,FUR-FU-10000521,"Seth Thomas 14"" Putty-Colored Wall Clock",0.0,88.02,Furniture
Binders,OFF-BI-10002103,"Cardinal Slant-D Ring Binder, Heavy Gauge Vinyl",0.8,8.69,Office Supplies
Chairs,FUR-CH-10004853,"Global Manager's Adjustable Task Chair, Storm",0.0,301.96,Furniture
Appliances,OFF-AP-10000179,Honeywell Enviracaire Portable HEPA Air Cleaner for up to 10 x 16 Room,0.1,555.21,Office Supplies
Storage,OFF-ST-10001272,"Mini 13-1/2 Capacity Data Binder Rack, Pearl",0.0,523.48,Office Supplies
Art,OFF-AR-10004042,"BOSTON Model 1800 Electric Pencil Sharpeners, Putty/Woodgrain",0.0,161.82,Office Supplies
Furnishings,FUR-FU-10000221,"Master Caster Door Stop, Brown",0.0,35.56,Furniture
Appliances,OFF-AP-10001563,Belkin Premiere Surge Master II 8-outlet surge protector,0.0,97.16,Office Supplies
Binders,OFF-BI-10000605,"Acco Pressboard Covers with Storage Hooks, 9 1/2"" x 11"", Executive Red",0.2,15.24,Office Supplies
Paper,OFF-PA-10002615,"Ampad Gold Fibre Wirebound Steno Books, 6"" x 9"", Gregg Ruled",0.0,13.23,Office Supplies
Storage,OFF-ST-10001963,Tennsco Regal Shelving Units,0.2,243.384,Office Supplies
Accessories,TEC-AC-10001267,,0.2,119.8,Technology
Phones,TEC-PH-10002103,Jabra SPEAK 410,0.2,300.768,Technology
Accessories,TEC-AC-10002857,"Verbatim 25 GB 6x Blu-ray Single Layer Recordable Disc, 1/Pack",0.2,17.88,Technology
Labels,OFF-LA-10003930,"Dot Matrix Printer Tape Reel Labels, White, 5000/Box",0.2,235.944,Office Supplies
Chairs,FUR-CH-10001482,Office Star - Mesh Screen back chair with Vinyl seat,0.0,392.94,Furniture
Binders,OFF-BI-10001989,Premium Transparent Presentation Covers by GBC,0.7,18.882,Office Supplies
Appliances,OFF-AP-10003287,Tripp Lite TLP810NET Broadband Surge for Modem/Fax,0.2,122.328,Office Supplies
Furnishings,FUR-FU-10000576,Luxo Professional Fluorescent Magnifier Lamp with Clamp-Mount Base,0.0,1049.2,Furniture
Binders,OFF-BI-10004728,Wilson Jones Turn Tabs Binder Tool for Ring Binders,0.2,15.424,Office Supplies
Furnishings,FUR-FU-10000732,Eldon 200 Class Desk Accessories,0.0,18.84,Furniture
Storage,OFF-ST-10000585,Economy Rollaway Files,0.0,330.4,Office Supplies
Labels,OFF-LA-10002787,Avery 480,0.0,26.25,Office Supplies
Accessories,TEC-AC-10003832,,0.0,132.52,Technology
Paper,OFF-PA-10001934,Xerox 1993,0.0,6.48,Office Supplies
Appliances,OFF-AP-10002457,"Eureka The Boss Plus 12-Amp Hard Box Upright Vacuum, Red",0.0,209.3,Office Supplies
Fasteners,OFF-FA-10003112,Staples,0.2,31.56,Office Supplies
Appliances,OFF-AP-10002350,Belkin F9H710-06 7 Outlet SurgeMaster Surge Protector,0.2,30.144,Office Supplies
Furnishings,FUR-FU-10001935,3M Hangers With Command Adhesive,0.0,14.8,Furniture
Phones,TEC-PH-10003273,AT&T TR1909W,0.2,302.376,Technology
Accessories,TEC-AC-10001142,First Data FD10 PIN Pad,0.0,316.0,Technology
Paper,OFF-PA-10000482,"Snap-A-Way Black Print Carbonless Ruled Speed Letter, Triplicate",0.0,379.4,Office Supplies
Paper,OFF-PA-10003892,Xerox 1943,0.0,97.82,Office Supplies
Accessories,TEC-AC-10001101,Sony 16GB Class 10 Micro SDHC R40 Memory Card,0.0,103.12,Technology
Appliances,OFF-AP-10002439,Tripp Lite Isotel 8 Ultra 8 Outlet Metal Surge,0.2,113.552,Office Supplies
Binders,OFF-BI-10002827,Avery Durable Poly Binders,0.7,3.318,Office Supplies
Envelopes,OFF-EN-10002230,Airmail Envelopes,0.2,134.288,Office Supplies
Chairs,FUR-CH-10001215,Global Troy Executive Leather Low-Back Tilter,0.3,701.372,Furniture
Binders,OFF-BI-10004654,Avery Binding System Hidden Tab Executive Style Index Sets,0.8,2.308,Office Supplies
Storage,OFF-ST-10001490,"Hot File 7-Pocket, Floor Stand",0.2,999.432,Office Supplies
Storage,OFF-ST-10001511,Space Solutions Commercial Steel Shelving,0.2,724.08,Office Supplies
Tables,FUR-TA-10001768,Hon Racetrack Conference Tables,0.3,918.785,Furniture
Binders,OFF-BI-10003981,"Avery Durable Plastic 1"" Binders",0.8,2.724,Office Supplies
Storage,OFF-ST-10001522,"Gould Plastics 18-Pocket Panel Bin, 34w x 5-1/4d x 20-1/2h",0.0,459.95,Office Supplies
Fasteners,OFF-FA-10000621,"OIC Colored Binder Clips, Assorted Sizes",0.0,10.74,Office Supplies
Supplies,OFF-SU-10004231,Acme Tagit Stainless Steel Antibacterial Scissors,0.2,23.76,Office Supplies
Paper,OFF-PA-10000474,Easy-staple paper,0.2,85.056,Office Supplies
Phones,TEC-PH-10004042,,0.2,381.576,Technology
Furnishings,FUR-FU-10003096,"Master Giant Foot Doorstop, Safety Yellow",0.2,30.36,Furniture
Furnishings,FUR-FU-10002759,12-1/2 Diameter Round Wall Clock,0.6,23.976,Furniture
Tables,FUR-TA-10000688,"Chromcraft Bull-Nose Wood Round Conference Table Top, Wood Base",0.5,108.925,Furniture
Paper,OFF-PA-10002377,"Adams Telephone Message Book W/Dividers/Space For Phone Numbers, 5 1/4""X8 1/2"", 200/Messages",0.2,36.352,Office Supplies
Art,OFF-AR-10001954,Newell 331,0.2,19.56,Office Supplies
Appliances,OFF-AP-10004532,Kensington 6 Outlet Guardian Standard Surge Protector,0.0,61.44,Office Supplies
Paper,OFF-PA-10002137,,0.0,38.9,Office Supplies
Accessories,TEC-AC-10003832,,0.0,99.39,Technology
Appliances,OFF-AP-10000804,Hoover Portapower Portable Vacuum,0.8,2.688,Office Supplies
Accessories,TEC-AC-10003614,"Verbatim 25 GB 6x Blu-ray Single Layer Recordable Disc, 10/Pack",0.2,27.816,Technology
Furnishings,FUR-FU-10003553,"Howard Miller 13-1/2"" Diameter Rosebrook Wall Clock",0.6,82.524,Furniture
Binders,OFF-BI-10004632,Ibico Hi-Tech Manual Binding System,0.8,182.994,Office Supplies
Binders,OFF-BI-10003305,Avery Hanging File Binders,0.2,14.352,Office Supplies
Storage,OFF-ST-10002583,Fellowes Neat Ideas Storage Cubes,0.0,64.96,Office Supplies
Storage,OFF-ST-10004507,Advantus Rolling Storage Box,0.0,68.6,Office Supplies
Machines,TEC-MA-10004125,Cubify CubeX 3D Printer Triple Head Print,0.5,7999.98,Technology
Appliances,OFF-AP-10002457,"Eureka The Boss Plus 12-Amp Hard Box Upright Vacuum, Red",0.2,167.44,Office Supplies
Accessories,TEC-AC-10003911,,0.0,479.97,Technology
Labels,OFF-LA-10001934,Avery 516,0.0,14.62,Office Supplies
Paper,OFF-PA-10000304,Xerox 1995,0.0,19.44,Office Supplies
Bookcases,FUR-BO-10004015,"Bush Andora Bookcase, Maple/Graphite Gray Finish",0.2,191.984,Furniture
Furnishings,FUR-FU-10004071,Luxo Professional Magnifying Clamp-On Fluorescent Lamps,0.0,104.01,Furniture
Phones,TEC-PH-10002033,,0.0,284.82,Technology
Storage,OFF-ST-10002444,Recycled Eldon Regeneration Jumbo File,0.0,36.84,Office Supplies
Accessories,TEC-AC-10002253,,0.0,166.24,Technology
Paper,OFF-PA-10000743,Xerox 1977,0.0,33.4,Office Supplies
Art,OFF-AR-10003373,"Boston School Pro Electric Pencil Sharpener, 1670",0.2,198.272,Office Supplies
Labels,OFF-LA-10002312,Avery 490,0.2,47.36,Office Supplies
Envelopes,OFF-EN-10000927,Jet-Pak Recycled Peel 'N' Seal Padded Mailers,0.2,200.984,Office Supplies
Labels,OFF-LA-10003510,"Avery 4027 File Folder Labels for Dot Matrix Printers, 5000 Labels per Box, White",0.2,97.696,Office Supplies
Art,OFF-AR-10001118,"Binney & Smith Crayola Metallic Crayons, 16-Color Pack",0.2,2.696,Office Supplies
Binders,OFF-BI-10001575,GBC Linen Binding Covers,0.7,18.588,Office Supplies
Binders,OFF-BI-10001982,Wilson Jones Custom Binder Spines & Labels,0.7,4.896,Office Supplies
Furnishings,FUR-FU-10002960,"Eldon 200 Class Desk Accessories, Burgundy",0.2,15.072,Furniture
Furnishings,FUR-FU-10003394,"Tenex ""The Solids"" Textured Chair Mats",0.0,209.88,Furniture
Tables,FUR-TA-10002774,Laminate Occasional Tables,0.2,369.912,Furniture
Paper,OFF-PA-10001800,Xerox 220,0.2,10.368,Office Supplies
Appliances,OFF-AP-10001469,Fellowes 8 Outlet Superior Workstation Surge Protector,0.2,166.84,Office Supplies
Accessories,TEC-AC-10002399,SanDisk Cruzer 32 GB USB Flash Drive,0.2,15.216,Technology
Accessories,TEC-AC-10003628,Logitech 910-002974 M325 Wireless Mouse for Web Scrolling,0.0,119.96,Technology
Bookcases,FUR-BO-10003272,O'Sullivan Living Dimensions 5-Shelf Bookcases,0.2,883.92,Furniture
Binders,OFF-BI-10000050,"Angle-D Binders with Locking Rings, Label Holders",0.2,46.72,Office Supplies
Paper,OFF-PA-10004071,"Eaton Premium Continuous-Feed Paper, 25% Cotton, Letter Size, White, 1000 Shts/Box",0.0,55.48,Office Supplies
Envelopes,OFF-EN-10001219,"#10- 4 1/8"" x 9 1/2"" Security-Tint Envelopes",0.2,24.448,Office Supplies
Appliances,OFF-AP-10001154,Bionaire Personal Warm Mist Humidifier/Vaporizer,0.0,281.34,Office Supplies
Phones,TEC-PH-10003012,Nortel Meridian M3904 Professional Digital phone,0.0,307.98,Technology
Accessories,TEC-AC-10001606,Logitech Wireless Performance Mouse MX for PC and Mac,0.0,299.97,Technology
Binders,OFF-BI-10003355,Cardinal Holdit Business Card Pockets,0.2,19.92,Office Supplies
Furnishings,FUR-FU-10000010,"DAX Value U-Channel Document Frames, Easel Back",0.0,9.94,Furniture
Furnishings,FUR-FU-10002253,"Howard Miller 13"" Diameter Pewter Finish Round Wall Clock",0.2,103.056,Furniture
Binders,OFF-BI-10001658,GBC Standard Therm-A-Bind Covers,0.2,59.808,Office Supplies
Furnishings,FUR-FU-10000246,Aluminum Document Frame,0.0,73.32,Furniture
Paper,OFF-PA-10004092,Tops Green Bar Computer Printout Paper,0.0,146.82,Office Supplies
Tables,FUR-TA-10000198,Chromcraft Bull-Nose Wood Oval Conference Tables & Bases,0.0,1652.94,Furniture
Storage,OFF-ST-10000036,"Recycled Data-Pak for Archival Bound Computer Printouts, 12-1/2 x 12-1/2 x 16",0.0,296.37,Office Supplies
Furnishings,FUR-FU-10000222,"Seth Thomas 16"" Steel Case Clock",0.2,129.92,Furniture
Supplies,OFF-SU-10004664,Acme Softgrip Scissors,0.2,45.584,Office Supplies
Envelopes,OFF-EN-10001141,"Manila Recycled Extra-Heavyweight Clasp Envelopes, 6"" x 9""",0.2,17.568,Office Supplies
Phones,TEC-PH-10002170,ClearSounds CSC500 Amplified Spirit Phone Corded phone,0.2,55.992,Technology
Paper,OFF-PA-10001954,Xerox 1964,0.0,182.72,Office Supplies
Tables,FUR-TA-10002228,"Bevis Traditional Conference Table Top, Plinth Base",0.4,400.032,Furniture
Storage,OFF-ST-10004634,"Personal Folder Holder, Ebony",0.0,33.63,Office Supplies
Chairs,FUR-CH-10002965,"Global Leather Highback Executive Chair with Pneumatic Height Adjustment, Black",0.1,542.646,Furniture
Labels,OFF-LA-10001317,Avery 520,0.0,6.3,Office Supplies
Storage,OFF-ST-10000736,Carina Double Wide Media Storage Towers in Natural & Black,0.0,242.94,Office Supplies
Accessories,TEC-AC-10003610,,0.0,179.97,Technology
Binders,OFF-BI-10003982,Wilson Jones Century Plastic Molded Ring Binders,0.2,99.696,Office Supplies
Binders,OFF-BI-10003291,Wilson Jones Leather-Like Binders with DublLock Round Rings,0.2,27.936,Office Supplies
Bookcases,FUR-BO-10001619,O'Sullivan Cherrywood Estates Traditional Bookcase,0.0,84.98,Furniture
Binders,OFF-BI-10000138,Acco Translucent Poly Ring Binders,0.2,18.72,Office Supplies
Accessories,TEC-AC-10001383,Logitech Wireless Touch Keyboard K400,0.0,49.98,Technology
Labels,OFF-LA-10003223,Avery 508,0.2,11.784,Office Supplies
Storage,OFF-ST-10002743,SAFCO Boltless Steel Shelving,0.2,272.736,Office Supplies
Binders,OFF-BI-10004094,GBC Standard Plastic Binding Systems Combs,0.8,3.54,Office Supplies
Supplies,OFF-SU-10004498,Martin-Yale Premier Letter Opener,0.2,51.52,Office Supplies
Paper,OFF-PA-10002615,"Ampad Gold Fibre Wirebound Steno Books, 6"" x 9"", Gregg Ruled",0.2,3.528,Office Supplies
Paper,OFF-PA-10004971,Xerox 196,0.2,4.624,Office Supplies
Supplies,OFF-SU-10004261,"Fiskars 8"" Scissors, 2/Pack",0.2,55.168,Office Supplies
Tables,FUR-TA-10002607,KI Conference Tables,0.2,567.12,Furniture
Storage,OFF-ST-10001809,Fellowes Officeware Wire Shelving,0.0,359.32,Office Supplies
Phones,TEC-PH-10000004,Belkin iPhone and iPad Lightning Cable,0.2,11.992,Technology
Binders,OFF-BI-10003638,GBC Durable Plastic Covers,0.0,58.05,Office Supplies
Furnishings,FUR-FU-10003577,Nu-Dell Leatherette Frames,0.0,157.74,Furniture
Art,OFF-AR-10003478,"Avery Hi-Liter EverBold Pen Style Fluorescent Highlighters, 4/Pack",0.0,56.98,Office Supplies
Binders,OFF-BI-10000546,Avery Durable Binders,0.0,2.88,Office Supplies
Copiers,TEC-CO-10002095,Hewlett Packard 610 Color Digital Copier / Printer,0.2,1199.976,Technology
Furnishings,FUR-FU-10002759,12-1/2 Diameter Round Wall Clock,0.0,79.92,Furniture
Tables,FUR-TA-10001095,Chromcraft Round Conference Tables,0.45,383.438,Furniture
Storage,OFF-ST-10002444,Recycled Eldon Regeneration Jumbo File,0.0,24.56,Office Supplies
Accessories,TEC-AC-10001267,,0.0,119.8,Technology
Binders,OFF-BI-10000848,Angle-D Ring Binders,0.2,13.128,Office Supplies
Paper,OFF-PA-10002377,"Adams Telephone Message Book W/Dividers/Space For Phone Numbers, 5 1/4""X8 1/2"", 200/Messages",0.0,22.72,Office Supplies
Paper,OFF-PA-10003441,Xerox 226,0.0,58.32,Office Supplies
Labels,OFF-LA-10004484,Avery 476,0.0,12.39,Office Supplies
Phones,TEC-PH-10003931,JBL Micro Wireless Portable Bluetooth Speaker,0.4,107.982,Technology
Envelopes,OFF-EN-10001990,Staple envelope,0.0,11.36,Office Supplies
Envelopes,OFF-EN-10001532,Brown Kraft Recycled Envelopes,0.0,50.94,Office Supplies
Accessories,TEC-AC-10003174,Plantronics S12 Corded Telephone Headset System,0.0,646.74,Technology
Binders,OFF-BI-10004187,3-ring staple pack,0.0,5.64,Office Supplies
Storage,OFF-ST-10000025,Fellowes Stor/Drawer Steel Plus Storage Drawers,0.0,572.58,Office Supplies
Furnishings,FUR-FU-10004306,Electrix Halogen Magnifier Lamp,0.2,310.88,Furniture
Chairs,FUR-CH-10003746,Hon 4070 Series Pagoda Round Back Stacking Chairs,0.0,641.96,Furniture
Binders,OFF-BI-10001036,Cardinal EasyOpen D-Ring Binders,0.0,18.28,Office Supplies
Phones,TEC-PH-10004614,AT&T 841000 Phone,0.0,207.0,Technology
Binders,OFF-BI-10000301,GBC Instant Report Kit,0.0,32.35,Office Supplies
Binders,OFF-BI-10003910,DXL Angle-View Binders with Locking Rings by Samsill,0.0,7.71,Office Supplies
Art,OFF-AR-10004648,Boston 19500 Mighty Mite Electric Pencil Sharpener,0.0,40.3,Office Supplies
Furnishings,FUR-FU-10002597,"C-Line Magnetic Cubicle Keepers, Clear Polypropylene",0.0,34.58,Furniture
Art,OFF-AR-10003405,"Dixon My First Ticonderoga Pencil, #2",0.2,32.76,Office Supplies
Chairs,FUR-CH-10002335,Hon GuestStacker Chair,0.2,544.008,Furniture
Paper,OFF-PA-10000157,Xerox 191,0.0,59.94,Office Supplies
Paper,OFF-PA-10001947,Xerox 1974,0.0,23.92,Office Supplies
Paper,OFF-PA-10003657,Xerox 1927,0.0,4.28,Office Supplies
Binders,OFF-BI-10001098,Acco D-Ring Binder w/DublLock,0.7,32.07,Office Supplies
Accessories,TEC-AC-10002167,,0.2,24.0,Technology
Bookcases,FUR-BO-10004409,"Safco Value Mate Series Steel Bookcases, Baked Enamel Finish on Steel, Gray",0.5,35.49,Furniture
Accessories,TEC-AC-10000057,Microsoft Natural Ergonomic Keyboard 4000,0.2,47.984,Technology
Envelopes,OFF-EN-10000056,Cameo Buff Policy Envelopes,0.0,186.69,Office Supplies
Binders,OFF-BI-10000014,Heavy-Duty E-Z-D Binders,0.2,17.456,Office Supplies
Chairs,FUR-CH-10004675,"Lifetime Advantage Folding Chairs, 4/Carton",0.2,348.928,Furniture
Binders,OFF-BI-10001543,GBC VeloBinder Manual Binding System,0.0,143.96,Office Supplies
Storage,OFF-ST-10001321,"Decoflex Hanging Personal Folder File, Blue",0.0,15.42,Office Supplies
Binders,OFF-BI-10001132,"Acco PRESSTEX Data Binder with Storage Hooks, Dark Blue, 9 1/2"" X 11""",0.0,43.04,Office Supplies
Chairs,FUR-CH-10003199,Office Star - Contemporary Task Swivel Chair,0.0,332.94,Furniture
Phones,TEC-PH-10001530,Cisco Unified IP Phone 7945G VoIP phone,0.2,1363.96,Technology
Labels,OFF-LA-10001569,Avery 499,0.0,9.96,Office Supplies
Paper,OFF-PA-10003724,"Wirebound Message Book, 4 per Page",0.0,21.72,Office Supplies
Binders,OFF-BI-10000546,Avery Durable Binders,0.0,20.16,Office Supplies
Paper,OFF-PA-10000176,Xerox 1887,0.0,132.79,Office Supplies
Paper,OFF-PA-10002365,Xerox 1967,0.0,12.96,Office Supplies
Labels,OFF-LA-10002271,Smead Alpha-Z Color-Coded Second Alphabetical Labels and Starter Set,0.0,21.56,Office Supplies
Chairs,FUR-CH-10002647,"Situations Contoured Folding Chairs, 4/Set",0.2,283.92,Furniture
Furnishings,FUR-FU-10004090,"Executive Impressions 14"" Contract Wall Clock",0.0,22.23,Furniture
Phones,TEC-PH-10001580,,0.2,215.968,Technology
Appliances,OFF-AP-10000576,Belkin 7 Outlet SurgeMaster II,0.0,355.32,Office Supplies
Paper,OFF-PA-10003953,Xerox 218,0.0,12.96,Office Supplies
Furnishings,FUR-FU-10000794,"Eldon Stackable Tray, Side-Load, Legal, Smoke",0.0,18.28,Furniture
Art,OFF-AR-10001897,Model L Table or Wall-Mount Pencil Sharpener,0.2,43.176,Office Supplies
Phones,TEC-PH-10001795,,0.2,1983.968,Technology
Furnishings,FUR-FU-10003347,Coloredge Poster Frame,0.0,28.4,Furniture
Accessories,TEC-AC-10004901,Kensington SlimBlade Notebook Wireless Mouse with Nano Receiver ,0.0,149.97,Technology
Art,OFF-AR-10003190,Newell 32,0.0,11.52,Office Supplies
Tables,FUR-TA-10002903,"Bevis Round Bullnose 29"" High Table Top",0.0,1298.55,Furniture
Appliances,OFF-AP-10000240,Belkin F9G930V10-GRY 9 Outlet Surge,0.0,213.92,Office Supplies
Accessories,TEC-AC-10001101,Sony 16GB Class 10 Micro SDHC R40 Memory Card,0.0,25.78,Technology
Furnishings,FUR-FU-10000794,"Eldon Stackable Tray, Side-Load, Legal, Smoke",0.0,18.28,Furniture
Accessories,TEC-AC-10001838,Razer Tiamat Over Ear 7.1 Surround Sound PC Gaming Headset,0.0,1399.93,Technology
Paper,OFF-PA-10000061,Xerox 205,0.0,51.84,Office Supplies
Paper,OFF-PA-10003651,Xerox 1968,0.2,5.344,Office Supplies
Paper,OFF-PA-10000304,Xerox 1995,0.2,41.472,Office Supplies
Binders,OFF-BI-10003094,Self-Adhesive Ring Binder Labels,0.7,3.168,Office Supplies
Chairs,FUR-CH-10001394,Global Leather Executive Chair,0.3,1228.465,Furniture
Binders,OFF-BI-10004230,GBC Recycled Grain Textured Covers,0.7,31.086,Office Supplies
Paper,OFF-PA-10003395,Xerox 1941,0.2,335.52,Office Supplies
Accessories,TEC-AC-10002402,Razer Kraken PRO Over Ear PC and Music Headset,0.0,239.97,Technology
Labels,OFF-LA-10003223,Avery 508,0.0,9.82,Office Supplies
Accessories,TEC-AC-10003441,Kingston Digital DataTraveler 32GB USB 2.0,0.0,67.8,Technology
Accessories,TEC-AC-10000109,Sony Micro Vault Click 16 GB USB 2.0 Flash Drive,0.0,167.97,Technology
Fasteners,OFF-FA-10002280,Advantus Plastic Paper Clips,0.0,35.0,Office Supplies
Supplies,OFF-SU-10000381,Acme Forged Steel Scissors with Black Enamel Handles,0.0,37.24,Office Supplies
Envelopes,OFF-EN-10004459,Security-Tint Envelopes,0.0,15.28,Office Supplies
Chairs,FUR-CH-10000665,"Global Airflow Leather Mesh Back Chair, Black",0.0,301.96,Furniture
Appliances,OFF-AP-10003884,"Fellowes Smart Surge Ten-Outlet Protector, Platinum",0.0,180.66,Office Supplies
Phones,TEC-PH-10001557,Pyle PMP37LED,0.0,191.98,Technology
Phones,TEC-PH-10002085,Clarity 53712,0.0,65.99,Technology
Art,OFF-AR-10002956,Boston 16801 Nautilus Battery Pencil Sharpener,0.2,35.216,Office Supplies
Appliances,OFF-AP-10003266,"Holmes Replacement Filter for HEPA Air Cleaner, Large Room",0.2,23.696,Office Supplies
Machines,TEC-MA-10004002,Zebra GX420t Direct Thermal/Thermal Transfer Printer,0.5,265.475,Technology
Binders,OFF-BI-10001071,GBC ProClick Punch Binding System,0.8,51.184,Office Supplies
Paper,OFF-PA-10001560,,0.2,9.664,Office Supplies
Phones,TEC-PH-10002365,Belkin Grip Candy Sheer Case / Cover for iPhone 5 and 5S,0.2,21.072,Technology
Art,OFF-AR-10004648,Boston 19500 Mighty Mite Electric Pencil Sharpener,0.0,60.45,Office Supplies
Art,OFF-AR-10002578,Newell 335,0.0,11.52,Office Supplies
Bookcases,FUR-BO-10001519,O'Sullivan 3-Shelf Heavy-Duty Bookcases,0.2,186.048,Furniture
Binders,OFF-BI-10001294,Fellowes Binding Cases,0.2,37.44,Office Supplies
Binders,OFF-BI-10001636,Ibico Plastic and Wire Spiral Binding Combs,0.2,26.976,Office Supplies
Supplies,OFF-SU-10002503,Acme Preferred Stainless Steel Scissors,0.0,11.36,Office Supplies
Labels,OFF-LA-10004093,Avery 486,0.0,14.62,Office Supplies
Phones,TEC-PH-10001552,I Need's 3d Hello Kitty Hybrid Silicone Case Cover for HTC One X 4g with 3d Hello Kitty Stylus Pen Green/pink,0.0,83.72,Technology
Chairs,FUR-CH-10001891,Global Deluxe Office Fabric Chairs,0.0,287.94,Furniture
Furnishings,FUR-FU-10003878,"Linden 10"" Round Wall Clock, Black",0.2,48.896,Furniture
Accessories,TEC-AC-10000710,Maxell DVD-RAM Discs,0.0,115.36,Technology
Art,OFF-AR-10002335,DIXON Oriole Pencils,0.0,5.16,Office Supplies
Paper,OFF-PA-10001870,Xerox 202,0.0,38.88,Office Supplies
Art,OFF-AR-10003373,"Boston School Pro Electric Pencil Sharpener, 1670",0.0,185.88,Office Supplies
Furnishings,FUR-FU-10004090,"Executive Impressions 14"" Contract Wall Clock",0.0,44.46,Furniture
Storage,OFF-ST-10000736,Carina Double Wide Media Storage Towers in Natural & Black,0.0,242.94,Office Supplies
Paper,OFF-PA-10001019,Xerox 1884,0.0,39.96,Office Supplies
Supplies,OFF-SU-10002537,Acme Box Cutter Scissors,0.0,102.3,Office Supplies
Storage,OFF-ST-10003221,Staple magnet,0.0,21.36,Office Supplies
Paper,OFF-PA-10004569,"Wirebound Message Books, Two 4 1/4"" x 5"" Forms per Page",0.0,7.61,Office Supplies
Fasteners,OFF-FA-10000624,OIC Binder Clips,0.0,7.16,Office Supplies
Supplies,OFF-SU-10001225,Staple remover,0.0,7.36,Office Supplies
Art,OFF-AR-10003752,Deluxe Chalkboard Eraser Cleaner,0.0,23.1,Office Supplies
Accessories,TEC-AC-10001714,,0.2,191.472,Technology
Art,OFF-AR-10003958,Newell 337,0.2,5.248,Office Supplies
Phones,TEC-PH-10002923,,0.2,59.184,Technology
Labels,OFF-LA-10004272,Avery 482,0.0,2.89,Office Supplies
Furnishings,FUR-FU-10000965,"Howard Miller 11-1/2"" Diameter Ridgewood Wall Clock",0.0,51.94,Furniture
Labels,OFF-LA-10004853,Avery 483,0.2,15.936,Office Supplies
Binders,OFF-BI-10003719,Large Capacity Hanging Post Binders,0.7,44.91,Office Supplies
Binders,OFF-BI-10000545,GBC Ibimaster 500 Manual ProClick Binding System,0.7,1141.47,Office Supplies
Phones,TEC-PH-10002496,Cisco SPA301,0.4,280.782,Technology
Paper,OFF-PA-10003591,Southworth 100% Cotton The Best Paper,0.0,34.44,Office Supplies
Paper,OFF-PA-10004470,"Adams Write n' Stick Phone Message Book, 11"" X 5 1/4"", 200 Messages",0.0,11.36,Office Supplies
Binders,OFF-BI-10000315,Poly Designer Cover & Back,0.2,106.344,Office Supplies
Paper,OFF-PA-10001790,Xerox 1910,0.2,192.16,Office Supplies
Furnishings,FUR-FU-10004017,"Tenex Contemporary Contur Chairmats for Low and Medium Pile Carpet, Computer, 39"" x 49""",0.0,322.59,Furniture
Accessories,TEC-AC-10003628,Logitech 910-002974 M325 Wireless Mouse for Web Scrolling,0.0,29.99,Technology
Accessories,TEC-AC-10002049,Logitech G19 Programmable Gaming Keyboard,0.0,371.97,Technology
Binders,OFF-BI-10003712,"Acco Pressboard Covers with Storage Hooks, 14 7/8"" x 11"", Light Blue",0.7,5.892,Office Supplies
Binders,OFF-BI-10003984,Lock-Up Easel 'Spel-Binder',0.2,68.472,Office Supplies
Chairs,FUR-CH-10004287,SAFCO Arco Folding Chair,0.1,1242.9,Furniture
Storage,OFF-ST-10001321,"Decoflex Hanging Personal Folder File, Blue",0.0,30.84,Office Supplies
Art,OFF-AR-10001118,"Binney & Smith Crayola Metallic Crayons, 16-Color Pack",0.0,13.48,Office Supplies
Furnishings,FUR-FU-10000732,Eldon 200 Class Desk Accessories,0.0,31.4,Furniture
Furnishings,FUR-FU-10001424,Dax Clear Box Frame,0.0,17.46,Furniture
Binders,OFF-BI-10002071,Fellowes Black Plastic Comb Bindings,0.2,13.944,Office Supplies
Storage,OFF-ST-10002486,Eldon Shelf Savers Cubes and Bins,0.0,83.76,Office Supplies
Binders,OFF-BI-10001078,"Acco PRESSTEX Data Binder with Storage Hooks, Dark Blue, 14 7/8"" X 11""",0.0,37.66,Office Supplies
Paper,OFF-PA-10003845,Xerox 1987,0.0,34.68,Office Supplies
Accessories,TEC-AC-10000927,Anker Ultrathin Bluetooth Wireless Keyboard Aluminum Cover with Stand ,0.0,149.95,Technology
Binders,OFF-BI-10001098,Acco D-Ring Binder w/DublLock,0.2,51.312,Office Supplies
Paper,OFF-PA-10001622,"Ampad Poly Cover Wirebound Steno Book, 6"" x 9"" Assorted Colors, Gregg Ruled",0.0,4.54,Office Supplies
Art,OFF-AR-10003158,Fluorescent Highlighters by Dixon,0.0,15.92,Office Supplies
Phones,TEC-PH-10002660,Nortel Networks T7316 E Nt8 B27,0.0,543.92,Technology
Storage,OFF-ST-10002205,File Shuttle I and Handi-File,0.0,155.82,Office Supplies
Binders,OFF-BI-10003364,Binding Machine Supplies,0.2,70.008,Office Supplies
Envelopes,OFF-EN-10001099,Staple envelope,0.2,15.648,Office Supplies
Labels,OFF-LA-10003923,Alphabetical Labels for Top Tab Filing,0.0,103.6,Office Supplies
Paper,OFF-PA-10002250,Things To Do Today Pad,0.0,46.96,Office Supplies
Binders,OFF-BI-10004716,Wilson Jones Hanging Recycled Pressboard Data Binders,0.7,8.904,Office Supplies
Labels,OFF-LA-10001045,Permanent Self-Adhesive File Folder Labels for Typewriters by Universal,0.2,10.44,Office Supplies
Binders,OFF-BI-10001510,Deluxe Heavy-Duty Vinyl Round Ring Binder,0.8,18.336,Office Supplies
Phones,TEC-PH-10004536,Avaya 5420 Digital phone,0.2,323.976,Technology
Paper,OFF-PA-10002947,Xerox 1923,0.0,20.04,Office Supplies
Storage,OFF-ST-10002583,Fellowes Neat Ideas Storage Cubes,0.0,64.96,Office Supplies
Paper,OFF-PA-10000019,Xerox 1931,0.0,12.96,Office Supplies
Bookcases,FUR-BO-10003441,"Bush Westfield Collection Bookcases, Fully Assembled",0.2,323.136,Furniture
Phones,TEC-PH-10004774,Gear Head AU3700S Headset,0.0,90.93,Technology
Binders,OFF-BI-10003684,Wilson Jones Legal Size Ring Binders,0.2,52.776,Office Supplies
Phones,TEC-PH-10001494,Polycom CX600 IP Phone VoIP phone,0.0,1199.8,Technology
Accessories,TEC-AC-10004666,,0.0,1928.78,Technology
Storage,OFF-ST-10003816,Fellowes High-Stak Drawer Files,0.0,352.38,Office Supplies
Furnishings,FUR-FU-10001935,3M Hangers With Command Adhesive,0.0,22.2,Furniture
Furnishings,FUR-FU-10004091,"Howard Miller 13"" Diameter Goldtone Round Wall Clock",0.0,46.94,Furniture
Accessories,TEC-AC-10001772,Memorex Mini Travel Drive 16 GB USB 2.0 Flash Drive,0.0,143.73,Technology
Tables,FUR-TA-10001520,"Lesro Sheffield Collection Coffee Table, End Table, Center Table, Corner Table",0.3,99.918,Furniture
Chairs,FUR-CH-10003379,Global Commerce Series High-Back Swivel/Tilt Chairs,0.3,797.944,Furniture
Binders,OFF-BI-10002706,Avery Premier Heavy-Duty Binder with Round Locking Rings,0.8,8.568,Office Supplies
Envelopes,OFF-EN-10000056,Cameo Buff Policy Envelopes,0.2,149.352,Office Supplies
Storage,OFF-ST-10001558,Acco Perma 4000 Stacking Storage Drawers,0.2,12.992,Office Supplies
Storage,OFF-ST-10002444,Recycled Eldon Regeneration Jumbo File,0.0,24.56,Office Supplies
Accessories,TEC-AC-10002473,Maxell 4.7GB DVD-R,0.0,85.14,Technology
Phones,TEC-PH-10004531,OtterBox Commuter Series Case - iPhone 5 & 5s,0.0,21.99,Technology
Appliances,OFF-AP-10004487,Kensington 4 Outlet MasterPiece Compact Power Control Center,0.0,406.6,Office Supplies
Binders,OFF-BI-10003650,GBC DocuBind 300 Electric Binding Machine,0.2,841.568,Office Supplies
Paper,OFF-PA-10003543,Xerox 1985,0.2,15.552,Office Supplies
Accessories,TEC-AC-10004353,Hypercom P1300 Pinpad,0.2,252.0,Technology
Art,OFF-AR-10000658,Newell 324,0.0,46.2,Office Supplies
Appliances,OFF-AP-10000696,Holmes Odor Grabber,0.0,28.84,Office Supplies
Art,OFF-AR-10003560,Zebra Zazzle Fluorescent Highlighters,0.2,14.592,Office Supplies
Art,OFF-AR-10001468,"Sanford Prismacolor Professional Thick Lead Art Pencils, 36-Color Set",0.2,89.856,Office Supplies
Paper,OFF-PA-10004971,Xerox 196,0.2,13.872,Office Supplies
Paper,OFF-PA-10002195,"RSVP Cards & Envelopes, Blank White, 8-1/2"" X 11"", 24 Cards/25 Envelopes/Set",0.2,12.192,Office Supplies
Paper,OFF-PA-10001745,"Wirebound Message Books, 2 7/8"" x 5"", 3 Forms per Page",0.2,45.056,Office Supplies
Binders,OFF-BI-10004826,JM Magazine Binder,0.7,29.718,Office Supplies
Paper,OFF-PA-10001870,Xerox 202,0.2,15.552,Office Supplies
Appliances,OFF-AP-10001058,Sanyo 2.5 Cubic Foot Mid-Size Office Refrigerators,0.2,447.696,Office Supplies
Accessories,TEC-AC-10003911,,0.0,159.99,Technology
Paper,OFF-PA-10000289,Xerox 213,0.0,12.96,Office Supplies
Appliances,OFF-AP-10003040,Fellowes 8 Outlet Superior Workstation Surge Protector w/o Phone/Fax/Modem Protection,0.0,134.48,Office Supplies
Paper,OFF-PA-10000350,"Message Book, Standard Line ""While You Were Out"", 5 1/2"" X 4"", 200 Sets/Book",0.0,17.12,Office Supplies
Binders,OFF-BI-10001759,"Acco Pressboard Covers with Storage Hooks, 14 7/8"" x 11"", Dark Blue",0.2,6.096,Office Supplies
Tables,FUR-TA-10000577,Bretford CR4500 Series Slim Rectangular Table,0.2,1114.272,Furniture
Paper,OFF-PA-10004101,Xerox 1894,0.0,32.4,Office Supplies
Storage,OFF-ST-10001496,Standard Rollaway File with Lock,0.0,540.57,Office Supplies
Binders,OFF-BI-10002931,"Avery Trapezoid Extra Heavy Duty 4"" Binders",0.2,167.76,Office Supplies
Tables,FUR-TA-10002356,Bevis Boat-Shaped Conference Table,0.5,393.165,Furniture
Furnishings,FUR-FU-10003601,"Deflect-o RollaMat Studded, Beveled Mat for Medium Pile Carpeting",0.2,516.488,Furniture
Furnishings,FUR-FU-10000576,Luxo Professional Fluorescent Magnifier Lamp with Clamp-Mount Base,0.2,1007.232,Furniture
Tables,FUR-TA-10004154,"Riverside Furniture Oval Coffee Table, Oval End Table, End Table with Drawer",0.4,2065.32,Furniture
Paper,OFF-PA-10000788,Xerox 210,0.2,15.552,Office Supplies
Paper,OFF-PA-10002479,Xerox 4200 Series MultiUse Premium Copy Paper (20Lb. and 84 Bright),0.2,25.344,Office Supplies
Furnishings,FUR-FU-10001940,Staple-based wall hangings,0.2,25.472,Furniture
Art,OFF-AR-10001958,Stanley Bostitch Contemporary Electric Pencil Sharpeners,0.2,27.168,Office Supplies
Bookcases,FUR-BO-10004709,"Bush Westfield Collection Bookcases, Medium Cherry Finish",0.32,78.8528,Furniture
Storage,OFF-ST-10000604,Home/Office Personal File Carts,0.0,173.8,Office Supplies
Phones,TEC-PH-10002923,,0.2,29.592,Technology
Binders,OFF-BI-10004465,Avery Durable Slant Ring Binders,0.7,4.752,Office Supplies
Paper,OFF-PA-10002333,"Universal Ultra Bright White Copier/Laser Paper, 8 1/2"" x 11"", Ream",0.2,15.552,Office Supplies
Furnishings,FUR-FU-10004188,Luxo Professional Combination Clamp-On Lamps,0.0,204.6,Furniture
Chairs,FUR-CH-10002965,"Global Leather Highback Executive Chair with Pneumatic Height Adjustment, Black",0.2,321.568,Furniture
Binders,OFF-BI-10000145,Zipper Ring Binder Pockets,0.0,6.24,Office Supplies
Envelopes,OFF-EN-10001335,"White Business Envelopes with Contemporary Seam, Recycled White Business Envelopes",0.0,21.88,Office Supplies
Labels,OFF-LA-10001613,Avery File Folder Labels,0.2,4.608,Office Supplies
Labels,OFF-LA-10004055,Color-Coded Legal Exhibit Labels,0.0,9.82,Office Supplies
Art,OFF-AR-10004344,Bulldog Vacuum Base Pencil Sharpener,0.0,35.97,Office Supplies
Paper,OFF-PA-10004621,Xerox 212,0.0,12.96,Office Supplies
Paper,OFF-PA-10001281,Computer Printout Paper with Letter-Trim Fine Perforations,0.0,191.6,Office Supplies
Labels,OFF-LA-10001613,Avery File Folder Labels,0.0,8.64,Office Supplies
Storage,OFF-ST-10001097,Office Impressions Heavy Duty Welded Shelving & Multimedia Storage Drawers,0.0,501.81,Office Supplies
Furnishings,FUR-FU-10001095,DAX Black Cherry Wood-Tone Poster Frame,0.2,127.104,Furniture
Phones,TEC-PH-10004614,AT&T 841000 Phone,0.4,124.2,Technology
Binders,OFF-BI-10001575,GBC Linen Binding Covers,0.7,18.588,Office Supplies
Labels,OFF-LA-10001074,Round Specialty Laser Printer Labels,0.2,30.072,Office Supplies
Phones,TEC-PH-10003555,Motorola HK250 Universal Bluetooth Headset,0.0,160.93,Technology
Binders,OFF-BI-10004492,Tuf-Vin Binders,0.2,75.792,Office Supplies
Binders,OFF-BI-10002012,Wilson Jones Easy Flow II Sheet Lifters,0.7,1.08,Office Supplies
Machines,TEC-MA-10000822,Lexmark MX611dhe Monochrome Laser Printer,0.1,3059.982,Technology
Binders,OFF-BI-10000848,Angle-D Ring Binders,0.7,3.282,Office Supplies
Paper,OFF-PA-10004156,Xerox 188,0.0,34.02,Office Supplies
Chairs,FUR-CH-10003199,Office Star - Contemporary Task Swivel Chair,0.1,599.292,Furniture
Art,OFF-AR-10000034,"BIC Brite Liner Grip Highlighters, Assorted, 5/Pack",0.2,3.392,Office Supplies
Phones,TEC-PH-10000560,Samsung Galaxy S III - 16GB - pebble blue (T-Mobile),0.2,559.984,Technology
Chairs,FUR-CH-10000665,"Global Airflow Leather Mesh Back Chair, Black",0.2,603.92,Furniture
Labels,OFF-LA-10001569,Avery 499,0.2,7.968,Office Supplies
Envelopes,OFF-EN-10000461,"#10- 4 1/8"" x 9 1/2"" Recycled Envelopes",0.2,27.968,Office Supplies
Machines,TEC-MA-10003066,Wasp CCD Handheld Bar Code Reader,0.4,336.51,Technology
Binders,OFF-BI-10004022,Acco Suede Grain Vinyl Round Ring Binder,0.8,1.112,Office Supplies
Furnishings,FUR-FU-10004071,Luxo Professional Magnifying Clamp-On Fluorescent Lamps,0.0,520.05,Furniture
Art,OFF-AR-10001988,Bulldog Table or Wall-Mount Pencil Sharpener,0.0,17.97,Office Supplies
Chairs,FUR-CH-10004086,Hon 4070 Series Pagoda Armless Upholstered Stacking Chairs,0.2,1166.92,Furniture
Binders,OFF-BI-10001036,Cardinal EasyOpen D-Ring Binders,0.2,14.624,Office Supplies
Fasteners,OFF-FA-10002983,Advantus SlideClip Paper Clips,0.0,10.23,Office Supplies
Paper,OFF-PA-10003625,Xerox 1979,0.0,154.9,Office Supplies
Binders,OFF-BI-10003925,Fellowes PB300 Plastic Comb Binding Machine,0.0,2715.93,Office Supplies
Phones,TEC-PH-10001530,Plantronics Voyager Pro Legend,0.0,617.97,Technology
Envelopes,OFF-EN-10003862,Laser & Ink Jet Business Envelopes,0.0,10.67,Office Supplies
Storage,OFF-ST-10004258,Portable Personal File Box,0.0,36.63,Office Supplies
Furnishings,FUR-FU-10002885,Magna Visual Magnetic Picture Hangers,0.0,24.1,Furniture
